1.085099999999999953e+00,2.818999999999999839e-01,2.908000000000000029e-01
2.762399999999999967e+00,1.035999999999999976e-01,1.782999999999999918e+00
-9.554000000000000270e-01,2.157099999999999795e+00,4.536999999999999922e-01
2.051800000000000068e+00,1.144099999999999895e+00,2.394400000000000084e+00
9.289999999999999647e-02,-1.522999999999999909e-01,2.245000000000000051e-01
2.408399999999999874e+00,2.048299999999999788e+00,-6.066000000000000281e-01
-6.289000000000000146e-01,6.425999999999999490e-01,6.046000000000000263e-01
-1.188600000000000101e+00,-4.359999999999999987e-02,9.080000000000000571e-02
3.491000000000000214e-01,2.257000000000000117e-01,8.160000000000000586e-02
-3.427999999999999936e-01,1.478499999999999925e+00,-5.654000000000000137e-01
4.143999999999999906e-01,5.000000000000000000e-01,3.506299999999999972e+00
-5.229999999999999927e-02,3.260000000000000120e-01,3.200000000000000067e-02
-9.091000000000000192e-01,5.288000000000000478e-01,2.222999999999999865e+00
4.868999999999999995e-01,2.324399999999999800e+00,8.739999999999999991e-01
1.330200000000000049e+00,7.200999999999999623e-01,2.236800000000000122e+00
-7.805999999999999606e-01,-1.072300000000000031e+00,3.039999999999999994e-02
-2.070399999999999796e+00,-1.920000000000000040e-01,-2.700000000000000143e-03
-1.408600000000000074e+00,9.957000000000000295e-01,1.250099999999999989e+00
1.257400000000000073e+00,1.525700000000000056e+00,2.664899999999999824e+00
2.348000000000000087e-01,2.723199999999999843e+00,3.135000000000000009e-01
-4.435999999999999943e-01,1.439100000000000046e+00,3.470000000000000168e-02
-5.273999999999999799e-01,1.974199999999999955e+00,2.553799999999999848e+00
-7.291999999999999593e-01,1.378300000000000081e+00,-1.738999999999999990e-01
-8.393000000000000460e-01,-7.832999999999999963e-01,1.506399999999999961e+00
-1.585199999999999942e+00,4.194999999999999840e-01,3.687000000000000277e-01
1.418000000000000094e-01,1.500499999999999945e+00,-1.145999999999999935e-01
-1.027099999999999902e+00,-9.559999999999999609e-01,1.365699999999999914e+00
-2.371100000000000207e+00,1.251300000000000079e+00,-7.625999999999999446e-01
2.282000000000000028e+00,1.534399999999999986e+00,1.790499999999999980e+00
1.673499999999999988e+00,1.417699999999999960e+00,2.384500000000000064e+00
-1.057000000000000023e-01,1.446499999999999897e+00,6.195000000000000506e-01
2.229800000000000004e+00,1.262899999999999912e+00,1.236599999999999921e+00
-5.949999999999999734e-01,1.751200000000000090e+00,2.513599999999999834e+00
-2.141799999999999926e+00,1.508299999999999974e+00,1.711600000000000010e+00
2.476300000000000168e+00,2.680699999999999861e+00,3.373999999999999777e-01
1.700000000000000122e-01,2.505100000000000104e+00,2.502299999999999969e+00
-2.984999999999999876e+00,1.237999999999999989e+00,1.614100000000000090e+00
-3.227999999999999758e-01,1.394200000000000106e+00,6.042999999999999483e-01
8.761999999999999789e-01,-7.723999999999999755e-01,2.895799999999999930e+00
-4.633999999999999786e-01,2.052500000000000213e+00,1.987800000000000011e+00
1.292599999999999971e+00,8.322000000000000508e-01,9.639999999999999958e-02
-6.733999999999999986e-01,-7.390999999999999792e-01,-2.267000000000000126e-01
1.780599999999999961e+00,-9.120000000000000329e-01,1.728900000000000103e+00
6.916999999999999815e-01,1.258000000000000007e+00,2.233600000000000030e+00
1.708700000000000108e+00,9.368999999999999551e-01,2.321000000000000008e-01
6.741000000000000325e-01,1.580200000000000049e+00,-5.873000000000000442e-01
3.178000000000000269e-01,2.663199999999999790e+00,1.533300000000000107e+00
-1.218199999999999950e+00,8.027999999999999581e-01,1.829499999999999904e+00
-9.532000000000000473e-01,1.642400000000000082e+00,1.619899999999999896e+00
9.977000000000000313e-01,1.974099999999999966e+00,2.225800000000000001e+00
1.646200000000000108e+00,8.338999999999999746e-01,1.136900000000000022e+00
3.401000000000000134e-01,3.229900000000000215e+00,9.824000000000000510e-01
2.295999999999999819e+00,1.210700000000000109e+00,2.084999999999999964e+00
-2.177099999999999813e+00,5.685000000000000053e-01,8.449999999999999734e-01
1.607499999999999929e+00,-5.058000000000000274e-01,1.949600000000000000e+00
-7.851000000000000201e-01,3.054399999999999782e+00,4.243999999999999995e-01
1.753600000000000048e+00,1.493200000000000083e+00,2.411900000000000155e+00
-3.899999999999999821e-03,2.462999999999999912e-01,-1.132200000000000095e+00
6.514999999999999680e-01,-5.149000000000000243e-01,5.081999999999999851e-01
-5.469000000000000528e-01,1.792000000000000037e+00,3.040700000000000180e+00
9.000000000000000000e+00,9.000000000000000000e+00,9.000000000000000000e+00
-2.305999999999999994e-01,7.010999999999999455e-01,1.000000000000000021e-03
8.801999999999999824e-01,-9.824000000000000510e-01,7.349999999999999589e-02
1.461799999999999988e+00,2.065799999999999859e+00,1.738099999999999978e+00
7.740000000000000213e-01,6.404999999999999583e-01,3.161099999999999799e+00
-2.479299999999999837e+00,-3.700000000000000164e-03,5.151999999999999913e-01
-1.051900000000000057e+00,8.622999999999999554e-01,1.507500000000000062e+00
5.262999999999999901e-01,8.991999999999999993e-01,1.629000000000000004e+00
-2.180999999999999883e-01,1.358300000000000063e+00,8.114000000000000101e-01
-1.695100000000000051e+00,2.515099999999999891e+00,-1.736000000000000043e-01
1.096100000000000074e+00,2.861000000000000210e-01,2.530100000000000016e+00
1.905999999999999917e+00,1.319499999999999895e+00,-3.574999999999999845e-01
1.441599999999999993e+00,1.432600000000000096e+00,9.438999999999999613e-01
-2.023000000000000131e+00,2.186100000000000154e+00,1.934199999999999919e+00
1.272399999999999975e+00,-5.068000000000000282e-01,1.397199999999999998e+00
1.773300000000000098e+00,2.545000000000000040e-01,8.614000000000000545e-01
-1.370100000000000096e+00,-1.681999999999999884e-01,9.918000000000000149e-01
2.153300000000000214e+00,1.658500000000000085e+00,1.153299999999999992e+00
1.210800000000000098e+00,2.547299999999999898e+00,2.015699999999999825e+00
-3.778000000000000247e-01,1.868000000000000105e+00,1.918500000000000094e+00
4.744999999999999774e-01,-3.410000000000000253e-01,1.391999999999999904e-01
1.040499999999999980e+00,1.097699999999999898e+00,2.971699999999999786e+00
8.544000000000000483e-01,-1.279600000000000071e+00,1.624700000000000033e+00
1.567399999999999904e+00,8.411999999999999478e-01,1.481800000000000006e+00
9.164999999999999813e-01,7.406000000000000361e-01,7.431999999999999718e-01
2.949999999999999845e-01,1.238599999999999923e+00,7.639999999999999569e-02
-5.809999999999999609e-01,1.914199999999999902e+00,2.885600000000000165e+00
-1.691100000000000048e+00,2.290000000000000022e-02,1.056000000000000050e+00
-1.321199999999999930e+00,1.661399999999999988e+00,1.848100000000000076e+00
-3.659000000000000030e-01,1.741100000000000092e+00,2.093900000000000095e+00
-6.792000000000000259e-01,5.767999999999999794e-01,1.807199999999999918e+00
-2.174599999999999866e+00,1.227700000000000014e+00,-3.047000000000000264e-01
1.625099999999999989e+00,8.400000000000000522e-02,2.023999999999999966e-01
5.124999999999999556e-01,1.613399999999999945e+00,1.096300000000000052e+00
-2.221699999999999786e+00,1.655899999999999928e+00,2.383000000000000007e+00
1.603799999999999892e+00,3.225999999999999979e-01,1.647299999999999986e+00
9.743000000000000549e-01,1.816000000000000059e+00,2.091600000000000126e+00
-1.651299999999999990e+00,2.108099999999999863e+00,2.011600000000000055e+00
2.764400000000000190e+00,-2.347199999999999953e+00,-1.434800000000000075e+00
5.511000000000000343e-01,7.009999999999999565e-01,9.979000000000000092e-01
3.554999999999999827e-01,2.073799999999999866e+00,-5.755000000000000115e-01
1.979899999999999993e+00,8.598000000000000087e-01,8.929000000000000270e-01
-2.452100000000000168e+00,1.114600000000000035e+00,-5.160000000000000142e-01
8.841999999999999860e-01,1.446800000000000086e+00,2.220200000000000173e+00
7.477000000000000313e-01,-7.734999999999999654e-01,-2.124000000000000055e-01
-5.374999999999999778e-01,2.177599999999999980e+00,2.648699999999999832e+00
7.701000000000000068e-01,2.161000000000000032e+00,2.484199999999999964e+00
6.657999999999999474e-01,-7.919000000000000483e-01,1.278499999999999970e+00
1.641699999999999937e+00,-4.736000000000000210e-01,1.136999999999999955e-01
-2.132200000000000095e+00,-3.041399999999999881e+00,-1.459200000000000053e+00
2.235599999999999810e+00,9.393000000000000238e-01,7.468000000000000194e-01
-1.268000000000000016e+00,2.241299999999999848e+00,1.713300000000000045e+00
1.157399999999999984e+00,2.872000000000000108e-01,-6.035000000000000364e-01
-1.585800000000000098e+00,-5.057000000000000384e-01,2.816000000000000170e-01
1.710399999999999920e+00,6.679000000000000492e-01,1.126700000000000035e+00
9.360000000000000264e-02,5.138000000000000345e-01,2.915200000000000014e+00
-2.106599999999999806e+00,3.074999999999999956e-01,6.642000000000000126e-01
-1.454199999999999937e+00,-8.591999999999999638e-01,9.835000000000000409e-01
-3.880000000000000115e-02,1.838000000000000078e+00,1.022799999999999931e+00
-1.184500000000000108e+00,1.269400000000000084e+00,2.676600000000000090e+00
9.054999999999999716e-01,2.118300000000000072e+00,1.339800000000000102e+00
1.017800000000000038e+00,2.950999999999999734e-01,3.294399999999999995e+00
-1.502499999999999947e+00,1.601399999999999935e+00,9.073999999999999844e-01
-1.072300000000000031e+00,1.403000000000000025e+00,2.253400000000000070e+00
9.489999999999999547e-01,1.264699999999999935e+00,2.025000000000000133e-01
-3.120800000000000018e+00,1.397199999999999998e+00,5.052999999999999714e-01
-1.793299999999999894e+00,2.615499999999999936e+00,1.437599999999999989e+00
2.554600000000000204e+00,8.745000000000000551e-01,9.147999999999999465e-01
-3.620999999999999774e-01,-3.350000000000000200e-01,7.852999999999999980e-01
2.958999999999999964e-01,5.863000000000000433e-01,8.129999999999999727e-02
5.485999999999999766e-01,-6.230000000000000121e-02,8.269999999999999574e-01
1.535400000000000098e+00,3.996999999999999997e-01,1.905200000000000005e+00
9.000000000000000000e+00,9.000000000000000000e+00,9.000000000000000000e+00
3.010099999999999998e+00,9.634000000000000341e-01,1.639000000000000012e+00
-8.984999999999999654e-01,7.291999999999999593e-01,5.602000000000000313e-01
-5.918999999999999817e-01,1.346799999999999997e+00,-3.561000000000000276e-01
1.024599999999999955e+00,2.217600000000000016e+00,1.887000000000000066e-01
5.154999999999999583e-01,9.052999999999999936e-01,-2.119000000000000050e-01
1.194000000000000061e-01,1.408900000000000041e+00,1.622500000000000053e+00
2.535000000000000031e-01,-3.528000000000000025e-01,2.827999999999999958e-01
-2.424999999999999933e-01,1.548300000000000010e+00,1.726000000000000034e-01
1.891899999999999915e+00,1.603399999999999936e+00,-2.268000000000000016e-01
-3.009300000000000086e+00,1.668299999999999894e+00,7.522999999999999687e-01
-3.240000000000000102e-01,4.867000000000000215e-01,2.863199999999999967e+00
-1.502599999999999936e+00,3.739999999999999991e-01,1.220299999999999940e+00
-4.798999999999999932e-01,1.503200000000000092e+00,1.343800000000000106e+00
1.189699999999999980e+00,3.110599999999999810e+00,8.360999999999999543e-01
-5.072999999999999732e-01,2.253099999999999881e+00,2.619600000000000151e+00
3.181999999999999829e-01,-1.279700000000000060e+00,1.708499999999999908e+00
2.980000000000000010e-02,3.130599999999999827e+00,-7.544999999999999485e-01
-4.371999999999999775e-01,1.502000000000000002e+00,2.249800000000000022e+00
-2.268100000000000005e+00,6.873000000000000220e-01,2.385600000000000165e+00
7.210999999999999632e-01,2.236099999999999977e+00,7.625999999999999446e-01
-9.893999999999999462e-01,-6.303999999999999604e-01,2.102399999999999824e+00
-3.709000000000000075e-01,-5.423000000000000043e-01,6.369000000000000217e-01
4.877000000000000224e-01,1.108300000000000063e+00,1.007900000000000018e+00
-3.154500000000000082e+00,7.430000000000000493e-02,1.307999999999999996e-01
-2.047499999999999876e+00,5.002999999999999670e-01,2.899099999999999788e+00
2.945600000000000218e+00,1.705600000000000005e+00,1.018299999999999983e+00
-1.756899999999999906e+00,-7.026999999999999913e-01,5.400000000000000286e-03
-8.911999999999999922e-01,-3.950000000000000039e-02,5.919999999999999707e-01
2.216899999999999871e+00,1.704099999999999948e+00,9.891999999999999682e-01
2.436700000000000088e+00,-5.382000000000000117e-01,2.055699999999999861e+00
5.282999999999999918e-01,1.819299999999999917e+00,2.093799999999999883e+00
1.219200000000000061e+00,1.209799999999999986e+00,-7.499999999999999722e-02
2.175999999999999879e-01,7.883000000000000007e-01,9.398999999999999577e-01
-2.528999999999999915e+00,1.499000000000000055e-01,2.596999999999999975e+00
4.430000000000000049e-01,-7.677000000000000490e-01,1.755500000000000060e+00
-4.481999999999999873e-01,-8.183000000000000274e-01,1.774999999999999911e+00
1.359299999999999953e+00,-8.978000000000000425e-01,3.030000000000000054e-02
2.617799999999999905e+00,-7.362999999999999545e-01,3.665999999999999814e-01
1.927400000000000002e+00,1.811500000000000110e+00,1.394800000000000040e+00
9.102999999999999980e-01,1.955600000000000005e+00,2.874299999999999855e+00
-2.184299999999999908e+00,-5.602000000000000313e-01,1.612100000000000088e+00
-4.499999999999999660e-03,2.358999999999999986e+00,3.301000000000000045e-01
-8.640999999999999792e-01,-3.142599999999999838e+00,-3.450000000000000289e-02
6.589000000000000412e-01,2.296800000000000175e+00,2.714300000000000157e+00
2.290000000000000091e-01,1.531500000000000083e+00,3.043299999999999894e+00
-6.160000000000000198e-02,1.848999999999999977e+00,1.402800000000000047e+00
2.114399999999999835e+00,-3.996000000000000107e-01,4.527999999999999803e-01
-1.160199999999999898e+00,-2.104900000000000215e+00,9.141000000000000236e-01
-1.338200000000000056e+00,-4.800000000000000100e-02,4.299000000000000044e-01
-2.187999999999999945e-01,1.299900000000000055e+00,1.168800000000000061e+00
-1.791500000000000092e+00,-6.375999999999999446e-01,1.837000000000000022e-01
6.230999999999999872e-01,8.403000000000000469e-01,1.210099999999999953e+00
-3.600900000000000212e+00,1.703999999999999959e-01,4.133000000000000007e-01
-8.771999999999999797e-01,2.748800000000000132e+00,1.471600000000000019e+00
2.398000000000000131e-01,6.730000000000000426e-01,2.376900000000000013e+00
-2.752000000000000002e-01,2.793699999999999850e+00,2.454000000000000070e-01
-2.203800000000000203e+00,1.261200000000000099e+00,2.202199999999999935e+00
2.427900000000000169e+00,5.162999999999999812e-01,5.132999999999999785e-01
1.421499999999999986e+00,2.310000000000000053e+00,-4.420000000000000040e-01
4.839999999999999858e-02,-8.726000000000000423e-01,7.899000000000000465e-01
-1.560999999999999888e-01,1.571700000000000097e+00,2.103899999999999881e+00
2.282700000000000173e+00,1.538799999999999946e+00,2.437800000000000189e+00
-1.274000000000000132e-01,1.491800000000000015e+00,1.008699999999999930e+00
-2.485999999999999877e-01,2.560000000000000053e-01,4.158000000000000029e-01
6.443999999999999728e-01,2.373099999999999987e+00,2.473599999999999799e+00
1.311199999999999921e+00,2.433399999999999785e+00,5.675000000000000044e-01
-9.199999999999999845e-02,2.876199999999999868e+00,1.853099999999999969e+00
7.026999999999999913e-01,3.351999999999999980e-01,2.167800000000000171e+00
2.321400000000000130e+00,7.141999999999999460e-01,1.633099999999999996e+00
-2.077799999999999869e+00,-2.087899999999999867e+00,-2.079999999999999905e-01
-1.116500000000000048e+00,1.721500000000000030e+00,2.298099999999999810e+00
1.340000000000000045e-02,-3.716999999999999749e-01,1.076000000000000012e-01
2.773499999999999854e+00,2.130900000000000016e+00,5.604999999999999982e-01
1.090700000000000003e+00,-5.990000000000000185e-02,2.116000000000000103e+00
-6.929999999999999494e-01,2.640200000000000102e+00,-3.494999999999999774e-01
-3.165999999999999925e-01,4.963000000000000189e-01,4.326999999999999735e-01
1.379199999999999982e+00,-5.673000000000000265e-01,4.758000000000000007e-01
-9.376999999999999780e-01,4.490999999999999992e-01,-1.134000000000000008e-01
-9.447999999999999732e-01,9.291000000000000369e-01,1.586600000000000010e+00
-9.680999999999999606e-01,2.949600000000000222e+00,1.075900000000000079e+00
2.073900000000000077e+00,3.415000000000000258e-01,1.292699999999999960e+00
-1.796300000000000008e+00,3.002000000000000224e-01,1.578799999999999981e+00
1.786100000000000021e+00,2.771100000000000119e+00,9.883999999999999453e-01
2.273899999999999810e+00,1.135699999999999932e+00,1.913399999999999990e+00
-5.965000000000000302e-01,2.536999999999999922e+00,-8.719999999999999973e-01
-7.190999999999999615e-01,8.400999999999999579e-01,3.438800000000000079e+00
4.278000000000000136e-01,1.744099999999999984e+00,-2.295999999999999985e-01
1.212299999999999933e+00,-6.350999999999999979e-01,1.763800000000000034e+00
-2.371999999999999942e-01,1.755700000000000038e+00,3.082199999999999829e+00
-1.279199999999999893e+00,7.148999999999999799e-01,4.655000000000000249e-01
-1.676199999999999912e+00,2.854999999999999760e-01,-2.399999999999999790e-03
1.832999999999999907e-01,-1.113999999999999990e-01,1.665999999999999981e-01
-2.957100000000000062e+00,8.000000000000000167e-03,3.468999999999999861e-01
2.526999999999999802e-01,-1.072000000000000036e-01,1.219200000000000061e+00
-2.023200000000000109e+00,1.223300000000000054e+00,1.736499999999999932e+00
7.187000000000000055e-01,8.917000000000000481e-01,5.647999999999999687e-01
6.310999999999999943e-01,-2.518000000000000238e-01,1.156400000000000095e+00
-1.617399999999999949e+00,3.729999999999999982e-02,2.188899999999999846e+00
-1.091699999999999893e+00,3.307199999999999918e+00,2.878000000000000003e-01
-1.320999999999999952e-01,1.875999999999999890e-01,6.140000000000000319e-02
9.285999999999999810e-01,2.799199999999999910e+00,-6.993000000000000327e-01
8.435000000000000275e-01,2.760000000000000231e-01,3.126100000000000101e+00
9.000000000000000000e+00,9.000000000000000000e+00,9.000000000000000000e+00
-1.670999999999999985e-01,-1.133000000000000007e+00,-4.950000000000000233e-02
1.943599999999999994e+00,2.222599999999999909e+00,1.725300000000000056e+00
2.644499999999999851e+00,1.935499999999999998e+00,1.724299999999999944e+00
2.037500000000000089e+00,-3.126999999999999780e-01,1.762000000000000011e+00
-1.712900000000000089e+00,-1.430099999999999927e+00,1.665999999999999981e-01
2.808499999999999996e+00,1.954199999999999937e+00,1.211300000000000043e+00
2.365600000000000147e+00,1.784999999999999920e-01,8.010000000000000453e-01
-7.840000000000000302e-01,1.418199999999999905e+00,1.816699999999999982e+00
-2.867000000000000104e-01,1.048100000000000032e+00,1.007300000000000084e+00
1.800999999999999934e+00,2.597799999999999887e+00,1.487100000000000088e+00
-1.683100000000000041e+00,2.662999999999999812e-01,1.542499999999999982e+00
-1.541199999999999903e+00,8.967000000000000526e-01,2.913199999999999790e+00
9.333000000000000185e-01,6.523999999999999799e-01,1.676199999999999912e+00
5.366999999999999549e-01,4.852000000000000202e-01,2.675899999999999945e+00
-3.218700000000000117e+00,7.124000000000000332e-01,5.787999999999999812e-01
-7.641000000000000014e-01,8.374000000000000332e-01,1.738399999999999945e+00
-7.167999999999999927e-01,1.189000000000000057e-01,-3.400000000000000244e-02
1.457999999999999963e+00,1.131000000000000061e-01,1.277600000000000069e+00
-1.051600000000000090e+00,1.358100000000000085e+00,8.419999999999999707e-01
1.628400000000000070e+00,1.625000000000000056e-01,2.302700000000000191e+00
-2.333299999999999930e+00,1.657100000000000017e+00,2.124600000000000044e+00
-1.769800000000000040e+00,8.548999999999999932e-01,1.900900000000000034e+00
1.924500000000000099e+00,-5.369000000000000439e-01,7.789000000000000368e-01
9.452000000000000401e-01,1.109799999999999898e+00,2.948300000000000143e+00
-8.081000000000000405e-01,1.253900000000000015e+00,5.142999999999999794e-01
3.394800000000000040e+00,6.800000000000000488e-02,5.004999999999999449e-01
-3.516000000000000236e-01,1.312100000000000044e+00,2.748099999999999987e+00
9.126999999999999558e-01,2.869899999999999896e+00,-1.461000000000000076e-01
-1.570899999999999963e+00,1.579800000000000093e+00,9.588999999999999746e-01
-2.143699999999999939e+00,2.465199999999999836e+00,8.237999999999999767e-01
2.155100000000000016e+00,1.306799999999999962e+00,1.782399999999999984e+00
-5.973000000000000531e-01,-1.230099999999999971e+00,-6.057000000000000162e-01
-1.265700000000000047e+00,2.165799999999999947e+00,1.042499999999999982e+00
7.994999999999999885e-01,7.391999999999999682e-01,3.407700000000000173e+00
-1.098999999999999977e+00,1.665000000000000036e+00,2.539499999999999869e+00
1.393499999999999961e+00,-4.309000000000000052e-01,5.977000000000000091e-01
-8.024999999999999911e-01,1.192299999999999915e+00,3.242500000000000160e+00
-6.022999999999999465e-01,4.351999999999999758e-01,1.248999999999999971e-01
-3.444999999999999729e-01,1.929499999999999993e+00,1.990000000000000102e-02
-4.961999999999999744e-01,5.971999999999999531e-01,1.179999999999999973e-02
-4.250000000000000305e-02,-5.473000000000000087e-01,5.082999999999999741e-01
1.161599999999999966e+00,2.180000000000000160e+00,-4.485999999999999988e-01
1.567700000000000093e+00,3.337999999999999856e-01,2.525500000000000078e+00
-8.803999999999999604e-01,-1.090100000000000069e+00,2.349499999999999922e+00
2.482099999999999973e+00,2.189299999999999802e+00,6.761000000000000343e-01
1.061900000000000066e+00,-7.882000000000000117e-01,2.619600000000000151e+00
5.247000000000000552e-01,-3.321999999999999953e-01,5.520000000000000462e-01
-1.928600000000000092e+00,1.447400000000000020e+00,1.966399999999999926e+00
1.799299999999999899e+00,2.184200000000000141e+00,5.826000000000000068e-01
-2.331700000000000106e+00,-5.088000000000000300e-01,2.126799999999999802e+00
1.023900000000000032e+00,-1.061199999999999921e+00,1.210900000000000087e+00
1.957999999999999963e+00,-9.357999999999999652e-01,2.254999999999999893e+00
1.067099999999999937e+00,1.864100000000000090e+00,1.286200000000000010e+00
2.351000000000000034e-01,4.210999999999999743e-01,2.919500000000000206e+00
1.295299999999999896e+00,2.122999999999999887e-01,2.212200000000000166e+00
-6.313999999999999613e-01,2.827399999999999913e+00,7.715999999999999526e-01
1.717200000000000060e+00,1.100200000000000067e+00,2.167400000000000215e+00
2.330200000000000049e+00,3.104000000000000092e-01,1.236000000000000015e-01
3.939999999999999752e-02,1.818500000000000005e+00,-1.225999999999999979e+00
1.852300000000000058e+00,1.849999999999999978e-01,1.794699999999999962e+00
4.485000000000000098e-01,2.380199999999999871e+00,4.741000000000000214e-01
6.749000000000000554e-01,1.707300000000000040e+00,2.705900000000000194e+00
1.943000000000000005e-01,5.828999999999999737e-01,-1.446000000000000063e-01
-6.701000000000000290e-01,-3.391000000000000125e-01,3.729999999999999982e-02
7.116999999999999993e-01,2.274799999999999933e+00,1.790999999999999925e+00
5.220000000000000195e-01,-6.558000000000000496e-01,2.838099999999999845e+00
4.167000000000000148e-01,2.383599999999999941e+00,2.384900000000000020e+00
-7.607000000000000428e-01,-4.655000000000000249e-01,-7.140000000000000513e-02
-1.518499999999999961e+00,-4.138000000000000012e-01,9.709999999999999742e-01
-7.158999999999999808e-01,6.097000000000000197e-01,1.922500000000000098e+00
8.088999999999999524e-01,5.524999999999999911e-01,2.897000000000000131e-01
1.377799999999999914e+00,1.941999999999999948e+00,2.661599999999999966e+00
-6.251999999999999780e-01,1.081000000000000016e-01,3.225999999999999979e-01
1.256099999999999994e+00,1.881599999999999939e+00,5.820999999999999508e-01
3.085399999999999920e+00,1.909899999999999931e+00,-1.463000000000000134e-01
-2.354400000000000048e+00,1.254899999999999904e+00,-2.380000000000000171e-02
-1.362000000000000099e+00,1.594200000000000061e+00,1.693999999999999950e-01
-2.989300000000000068e+00,1.585999999999999910e-01,2.589000000000000190e-01
6.220999999999999863e-01,1.423899999999999944e+00,1.481600000000000028e+00
2.773400000000000087e+00,3.886000000000000010e-01,6.320000000000000062e-01
2.689200000000000035e+00,1.122999999999999998e+00,2.299799999999999844e+00
-1.710599999999999898e+00,2.573399999999999910e+00,1.658199999999999896e+00
3.053999999999999826e+00,4.692999999999999949e-01,3.454999999999999738e-01
1.712399999999999922e+00,1.409699999999999953e+00,1.142999999999999988e-01
-1.464399999999999924e+00,4.152000000000000135e-01,1.026299999999999990e+00
8.218999999999999639e-01,9.706000000000000183e-01,8.437000000000000055e-01
-2.207399999999999807e+00,8.276999999999999913e-01,1.131000000000000061e-01
-1.006000000000000005e+00,1.174900000000000055e+00,3.870000000000000107e-01
9.758000000000000007e-01,1.363599999999999923e+00,2.094899999999999984e+00
-2.389899999999999913e+00,1.904199999999999893e+00,1.471300000000000052e+00
-2.834600000000000009e+00,5.904000000000000359e-01,1.982099999999999973e+00
8.304000000000000270e-01,6.602000000000000091e-01,2.816300000000000026e+00
-3.805000000000000049e-01,8.194000000000000172e-01,3.160299999999999887e+00
2.148400000000000087e+00,1.324799999999999978e+00,4.156000000000000250e-01
7.551999999999999824e-01,-2.904999999999999805e-01,1.237700000000000022e+00
-1.055700000000000083e+00,1.816500000000000004e+00,1.920900000000000052e+00
-2.833899999999999864e+00,2.626199999999999868e+00,8.928000000000000380e-01
1.434099999999999930e+00,-7.832999999999999963e-01,1.000999999999999890e+00
7.480999999999999872e-01,1.799400000000000110e+00,7.959000000000000519e-01
2.987400000000000055e+00,1.748399999999999954e+00,1.935699999999999976e+00
3.940599999999999881e+00,2.565999999999999948e-01,1.303099999999999925e+00
1.111000000000000043e-01,2.846900000000000208e+00,6.484999999999999654e-01
2.019099999999999895e+00,6.906999999999999806e-01,1.662400000000000100e+00
1.470699999999999896e+00,8.061000000000000387e-01,1.054899999999999949e+00
-5.845000000000000195e-01,2.523800000000000043e+00,5.867999999999999883e-01
-6.357000000000000428e-01,3.435099999999999820e+00,8.952999999999999847e-01
2.266300000000000203e+00,1.121699999999999919e+00,1.651399999999999979e+00
-2.948000000000000065e-01,1.666600000000000081e+00,2.217200000000000060e+00
-9.818000000000000060e-01,4.628999999999999782e-01,1.879899999999999904e+00
6.994000000000000217e-01,1.944199999999999928e+00,2.361400000000000166e+00
1.987900000000000000e+00,1.392900000000000027e+00,9.338999999999999524e-01
-4.435999999999999943e-01,5.796000000000000041e-01,3.371500000000000163e+00
-4.789999999999999813e-01,-3.710999999999999854e-01,-6.300000000000000044e-02
-1.570899999999999963e+00,1.934399999999999897e+00,1.065399999999999903e+00
1.289099999999999913e+00,1.569199999999999928e+00,7.600000000000000089e-01
-4.890999999999999792e-01,1.391799999999999926e+00,2.636499999999999844e+00
8.580999999999999739e-01,-4.647999999999999909e-01,6.173999999999999488e-01
-1.907000000000000028e+00,2.147100000000000009e+00,2.572999999999999732e-01
8.437000000000000055e-01,1.245800000000000018e+00,2.332899999999999974e+00
-3.438600000000000101e+00,1.015500000000000069e+00,2.933999999999999941e-01
2.434400000000000119e+00,1.222699999999999898e+00,1.512499999999999956e+00
-2.364199999999999857e+00,7.392999999999999572e-01,1.110800000000000010e+00
3.269000000000000239e-01,2.873999999999999888e-01,1.060999999999999999e-01
1.987000000000000099e+00,5.090000000000000080e-02,2.785000000000000142e+00
-1.203999999999999959e+00,2.299700000000000077e+00,1.023600000000000065e+00
1.620200000000000085e+00,1.090400000000000036e+00,3.054899999999999949e+00
-2.669000000000000261e-01,1.478699999999999903e+00,3.329299999999999926e+00
-1.407000000000000028e+00,2.489999999999999991e-01,2.938299999999999912e+00
-2.954999999999999849e-01,1.408199999999999896e+00,1.092999999999999944e-01
-6.978999999999999648e-01,3.032000000000000250e-01,9.543000000000000371e-01
1.018799999999999928e+00,8.369999999999999662e-01,2.826000000000000068e+00
-1.548799999999999955e+00,9.086999999999999522e-01,2.756699999999999928e+00
-1.914299999999999891e+00,1.525400000000000089e+00,-1.342000000000000137e-01
4.688999999999999835e-01,1.569700000000000095e+00,9.544000000000000261e-01
-1.250000000000000069e-02,7.277000000000000135e-01,4.355999999999999872e-01
2.260899999999999910e+00,1.209000000000000075e+00,2.172299999999999898e+00
2.591299999999999937e+00,1.955999999999999961e-01,1.561299999999999910e+00
-5.649999999999999467e-01,4.682999999999999940e-01,1.530699999999999950e+00
2.720499999999999918e+00,-7.954999999999999849e-01,4.057000000000000051e-01
1.923799999999999955e+00,-7.227000000000000091e-01,4.109999999999999765e-01
2.508000000000000229e-01,4.932000000000000273e-01,5.461000000000000298e-01
-7.098999999999999755e-01,9.976000000000000423e-01,8.001000000000000334e-01
-5.826999999999999957e-01,2.055800000000000072e+00,-2.149999999999999967e-01
-2.924399999999999888e+00,8.186999999999999833e-01,1.181899999999999951e+00
-9.249000000000000554e-01,2.571499999999999897e+00,1.643000000000000016e+00
8.337999999999999856e-01,1.456599999999999895e+00,1.818999999999999950e+00
1.509700000000000042e+00,4.290999999999999814e-01,1.246499999999999941e+00
-1.163200000000000012e+00,9.670999999999999597e-01,1.219400000000000039e+00
-4.719999999999999751e-01,4.490000000000000241e-02,1.176999999999999991e-01
-8.999000000000000332e-01,-7.322999999999999510e-01,2.289000000000000146e+00
-1.608800000000000008e+00,2.048500000000000210e+00,1.743999999999999995e-01
-2.244400000000000173e+00,1.197599999999999998e+00,2.627299999999999969e+00
-2.987000000000000210e-01,-9.030000000000000249e-01,1.272199999999999998e+00
1.159399999999999986e+00,1.893899999999999917e+00,1.855900000000000105e+00
2.624600000000000044e+00,1.351999999999999869e-01,3.032000000000000250e-01
-1.971000000000000085e+00,8.219999999999999529e-02,1.216199999999999948e+00
-1.428199999999999914e+00,1.275600000000000067e+00,-4.868000000000000105e-01
2.412300000000000111e+00,1.171000000000000041e+00,2.152200000000000113e+00
5.243999999999999773e-01,1.399299999999999988e+00,-1.947000000000000119e-01
-1.505100000000000104e+00,-6.097000000000000197e-01,2.874999999999999778e-01
-2.466000000000000192e+00,8.069999999999999396e-02,1.532899999999999929e+00
-7.859000000000000430e-01,2.102700000000000014e+00,-2.069999999999999896e-01
1.148700000000000054e+00,2.757299999999999862e+00,-8.191000000000000503e-01
5.103999999999999648e-01,1.080000000000000057e-02,8.129999999999999727e-02
2.290000000000000091e-01,2.651999999999999913e-01,1.362800000000000011e+00
5.021999999999999797e-01,-6.058999999999999941e-01,1.579700000000000104e+00
1.128400000000000070e+00,7.900000000000000078e-02,-1.187000000000000000e-01
1.013700000000000045e+00,1.557299999999999907e+00,1.798999999999999932e+00
1.837000000000000022e-01,1.385000000000000120e-01,-1.456000000000000072e-01
2.083800000000000097e+00,1.607499999999999929e+00,2.027400000000000091e+00
2.943999999999999950e+00,1.042200000000000015e+00,4.551000000000000045e-01
3.895000000000000129e-01,3.690999999999999837e-01,1.793299999999999894e+00
2.309999999999999901e-02,-2.610000000000000098e-01,6.196000000000000396e-01
1.758799999999999919e+00,2.034600000000000186e+00,4.490000000000000102e-01
4.954000000000000070e-01,-1.419399999999999995e+00,1.889399999999999968e+00
-6.514999999999999680e-01,2.126500000000000057e+00,2.126599999999999824e+00
5.743000000000000327e-01,9.724000000000000421e-01,1.191999999999999948e+00
1.972699999999999898e+00,7.522999999999999687e-01,6.838999999999999524e-01
3.340000000000000191e-01,3.816999999999999837e-01,3.482699999999999907e+00
-2.037199999999999900e+00,1.409100000000000019e+00,2.511200000000000099e+00
2.565500000000000114e+00,4.142000000000000126e-01,1.943699999999999983e+00
-2.561999999999999833e-01,3.156000000000000139e+00,-3.326000000000000068e-01
6.219999999999999973e-01,1.853599999999999914e+00,1.165499999999999980e+00
-4.299999999999999933e-01,3.240999999999999992e-01,1.088700000000000001e+00
-2.349999999999999867e-01,1.059900000000000064e+00,2.554100000000000037e+00
3.343799999999999883e+00,-7.338000000000000078e-01,1.545099999999999918e+00
1.015300000000000091e+00,1.359399999999999942e+00,1.625099999999999989e+00
1.574899999999999967e+00,1.194600000000000106e+00,2.274199999999999999e+00
2.895199999999999996e+00,5.179000000000000270e-01,1.997700000000000031e+00
-3.353600000000000136e+00,-1.585700000000000109e+00,-1.209200000000000053e+00
-1.834999999999999964e-01,3.608999999999999986e-01,-1.978999999999999926e-01
-5.050000000000000322e-02,2.390800000000000036e+00,2.076000000000000068e+00
-2.377299999999999969e+00,1.602000000000000091e+00,1.487999999999999878e-01
1.258499999999999952e+00,2.746000000000000107e-01,3.158199999999999896e+00
8.078999999999999515e-01,3.546000000000000263e-01,1.956800000000000095e+00
-2.209400000000000031e+00,2.145599999999999952e+00,1.984799999999999898e+00
-3.699000000000000066e-01,5.003999999999999559e-01,1.239400000000000057e+00
2.258999999999999897e-01,7.410999999999999810e-01,2.848199999999999843e+00
-1.598700000000000010e+00,-1.098100000000000076e+00,7.399999999999999634e-02
2.676000000000000045e-01,6.781000000000000361e-01,2.467400000000000038e+00
1.005900000000000016e+00,1.527700000000000058e+00,-2.721000000000000085e-01
2.539000000000000146e-01,-1.716999999999999915e-01,1.108600000000000030e+00
1.988000000000000045e-01,1.411599999999999966e+00,3.274900000000000144e+00
-1.005900000000000016e+00,-6.153999999999999471e-01,2.060999999999999943e+00
3.120499999999999829e+00,5.260000000000000231e-01,6.802000000000000268e-01
-6.156000000000000361e-01,1.842600000000000016e+00,1.260000000000000009e+00
-4.450999999999999956e-01,1.047800000000000065e+00,-3.670000000000000345e-02
1.711000000000000076e+00,2.894999999999999796e-01,7.128999999999999782e-01
7.497000000000000330e-01,-9.467999999999999750e-01,6.931000000000000494e-01
-2.766599999999999948e+00,1.361900000000000110e+00,1.729999999999999982e+00
7.816999999999999504e-01,2.229699999999999793e+00,1.082000000000000073e+00
6.760000000000000453e-01,1.402700000000000058e+00,1.844300000000000050e+00
1.532499999999999973e+00,2.726399999999999935e+00,1.474199999999999955e+00
-9.130000000000000338e-01,5.798999999999999710e-01,3.431700000000000195e+00
-1.533300000000000107e+00,1.279000000000000137e-01,1.610000000000000098e+00
-4.510000000000000120e-02,2.180400000000000116e+00,-3.079000000000000070e-01
4.728999999999999870e-01,7.439999999999999392e-02,2.533500000000000085e+00
2.923999999999999932e-01,-1.569000000000000117e-01,6.074000000000000510e-01
1.265400000000000080e+00,7.237999999999999989e-01,2.786000000000000032e+00
-7.991000000000000325e-01,8.278999999999999693e-01,9.305999999999999828e-01
-1.279199999999999893e+00,-6.695999999999999730e-01,-2.948000000000000065e-01
-1.444299999999999917e+00,-1.073600000000000110e+00,2.792999999999999927e-01
-1.371799999999999908e+00,-7.902000000000000135e-01,-5.586999999999999744e-01
1.983400000000000052e+00,1.667899999999999938e+00,7.067999999999999838e-01
5.905000000000000249e-01,1.334200000000000053e+00,9.529999999999999583e-01
7.012000000000000455e-01,2.768200000000000216e+00,8.474000000000000421e-01
4.094999999999999751e-01,-1.867000000000000048e-01,1.411799999999999944e+00
-1.202000000000000013e-01,-8.702999999999999625e-01,1.021200000000000108e+00
1.240699999999999914e+00,5.384999999999999787e-01,1.353599999999999914e+00
-1.933499999999999996e+00,1.672199999999999909e+00,3.885000000000000120e-01
2.069000000000000006e-01,3.266099999999999781e+00,-1.383000000000000063e-01
1.026899999999999924e+00,2.067699999999999871e+00,2.675199999999999800e+00
1.862200000000000077e+00,-8.516000000000000236e-01,1.048000000000000043e-01
-1.283600000000000074e+00,1.626100000000000101e+00,1.257100000000000106e+00
-1.228399999999999936e+00,5.937999999999999945e-01,2.078000000000000125e-01
2.372599999999999820e+00,-1.006399999999999961e+00,-5.190000000000000169e-02
-1.877299999999999969e+00,-3.322400000000000020e+00,-1.062400000000000011e+00
1.364999999999999991e+00,1.549099999999999921e+00,2.842299999999999827e+00
1.091000000000000025e-01,-4.139999999999999930e-02,-7.480000000000000537e-02
-1.533600000000000074e+00,-7.359999999999999876e-01,1.947799999999999976e+00
-1.934199999999999919e+00,1.186700000000000088e+00,2.319300000000000139e+00
8.601999999999999647e-01,-1.145000000000000046e-01,3.336399999999999810e+00
-9.816000000000000281e-01,1.462499999999999911e+00,7.679999999999999327e-02
1.955999999999999961e-01,1.692800000000000082e+00,2.686100000000000154e+00
-2.165500000000000203e+00,5.966000000000000192e-01,5.931999999999999496e-01
7.561999999999999833e-01,1.684099999999999930e+00,2.041000000000000036e-01
-1.517500000000000071e+00,4.385999999999999899e-01,3.095000000000000195e+00
-3.134100000000000108e+00,-5.237000000000000544e-01,8.347999999999999865e-01
5.957999999999999963e-01,1.680999999999999994e-01,3.573599999999999888e+00
9.678999999999999826e-01,1.380800000000000027e+00,1.326799999999999979e+00
1.829599999999999893e+00,3.852999999999999758e-01,-6.173999999999999488e-01
9.000000000000000000e+00,9.000000000000000000e+00,9.000000000000000000e+00
2.572900000000000187e+00,1.286100000000000021e+00,5.659999999999999754e-02
9.304000000000000048e-01,2.572999999999999954e+00,2.068700000000000205e+00
-3.599999999999999867e-01,1.422600000000000087e+00,-3.638000000000000123e-01
-1.317700000000000093e+00,2.724000000000000199e+00,1.862900000000000000e+00
1.466599999999999904e+00,2.583699999999999886e+00,3.081999999999999740e-01
-2.049100000000000144e+00,3.932999999999999829e-01,2.247500000000000053e+00
-8.570999999999999730e-01,-1.166600000000000081e+00,1.452399999999999913e+00
-1.550699999999999967e+00,1.866800000000000015e+00,-3.190999999999999948e-01
2.326200000000000045e+00,1.135499999999999954e+00,5.220000000000000195e-01
-2.754199999999999982e+00,-9.235999999999999766e-01,1.651399999999999979e+00
3.079200000000000159e+00,6.902000000000000357e-01,5.040999999999999925e-01
-4.366999999999999771e-01,2.446000000000000119e-01,1.979400000000000048e+00
1.047700000000000076e+00,2.029700000000000060e+00,-9.434000000000000163e-01
7.638000000000000345e-01,2.388999999999999790e+00,1.296999999999999931e+00
8.787000000000000366e-01,1.830000000000000071e+00,1.064400000000000013e+00
-8.229999999999999816e-02,8.034000000000000030e-01,-1.224999999999999978e-01
-2.317099999999999937e+00,9.392000000000000348e-01,7.018999999999999684e-01
-1.187200000000000033e+00,2.802000000000000046e-01,1.834000000000000075e+00
-1.024999999999999911e+00,2.938299999999999912e+00,1.102100000000000080e+00
1.522499999999999964e+00,3.261000000000000010e-01,5.079000000000000181e-01
-3.560000000000000053e+00,1.159999999999999920e+00,9.212000000000000188e-01
-5.957000000000000073e-01,1.099199999999999955e+00,1.135499999999999954e+00
-1.074500000000000011e+00,-9.630999999999999561e-01,1.100200000000000067e+00
-1.744599999999999929e+00,-2.637999999999999790e-01,1.146999999999999964e-01
-3.175999999999999934e-01,6.808999999999999497e-01,2.217999999999999972e-01
-1.830699999999999994e+00,1.276999999999999913e+00,2.353200000000000180e+00
1.657100000000000017e+00,-7.876999999999999558e-01,1.594000000000000083e+00
6.927999999999999714e-01,8.276000000000000023e-01,1.280200000000000005e+00
9.111000000000000210e-01,-6.905999999999999917e-01,1.209200000000000053e+00
7.106000000000000094e-01,6.373999999999999666e-01,1.764299999999999979e+00
8.905999999999999472e-01,5.411000000000000254e-01,1.871799999999999908e+00
4.610000000000000209e-02,1.070300000000000029e+00,1.236699999999999910e+00
-2.972199999999999953e+00,6.968999999999999639e-01,3.961999999999999966e-01
7.488000000000000211e-01,-1.157299999999999995e+00,-3.584999999999999853e-01
5.531000000000000361e-01,2.280499999999999972e+00,2.099600000000000133e+00
-2.677999999999999936e+00,2.677999999999999825e-01,4.847000000000000197e-01
-3.533100000000000129e+00,5.213999999999999746e-01,6.368000000000000327e-01
-1.027900000000000036e+00,-7.452999999999999625e-01,1.018299999999999983e+00
-3.470899999999999874e+00,1.647000000000000131e-01,1.338400000000000034e+00
-4.128999999999999893e-01,2.761000000000000121e-01,1.975999999999999979e-01
2.764200000000000212e+00,2.589999999999999941e-02,1.778399999999999981e+00
-7.935999999999999721e-01,7.966999999999999638e-01,4.108999999999999875e-01
2.810099999999999820e+00,-2.068000000000000116e-01,9.802999999999999492e-01
1.187899999999999956e+00,3.185000000000000053e-01,1.291800000000000059e+00
8.889000000000000234e-01,1.757700000000000040e+00,1.838000000000000078e+00
2.205000000000000071e+00,1.640600000000000058e+00,1.594999999999999973e+00
1.153200000000000003e+00,-1.434999999999999887e-01,1.344200000000000061e+00
1.236499999999999932e+00,1.226699999999999902e+00,2.523099999999999898e+00
-7.126000000000000112e-01,5.493999999999999995e-01,3.810000000000000053e-01
8.579999999999999849e-01,1.094899999999999984e+00,2.794099999999999806e+00
5.481000000000000316e-01,1.309500000000000108e+00,-4.017000000000000015e-01
5.096000000000000529e-01,1.878200000000000092e+00,1.691500000000000004e+00
1.654600000000000071e+00,2.510999999999999899e-01,1.509900000000000020e+00
-2.017700000000000049e+00,-2.041999999999999926e-01,2.601399999999999935e+00
3.323999999999999733e-01,2.437899999999999956e+00,1.518699999999999939e+00
-1.066899999999999959e+00,5.014999999999999458e-01,5.519999999999999907e-02
-7.304000000000000492e-01,-4.773000000000000020e-01,1.372700000000000031e+00
-5.103999999999999648e-01,2.629000000000000004e+00,2.267300000000000093e+00
1.358800000000000008e+00,-4.621000000000000107e-01,1.246099999999999985e+00
1.366400000000000059e+00,1.378500000000000059e+00,1.832999999999999963e+00
1.669200000000000017e+00,7.799999999999999989e-02,3.163300000000000001e+00
9.000000000000000000e+00,9.000000000000000000e+00,9.000000000000000000e+00
6.774999999999999911e-01,9.602000000000000535e-01,4.639999999999999680e-02
-1.384700000000000042e+00,1.000000000000000021e-02,3.323999999999999733e-01
-1.976299999999999946e+00,1.996399999999999952e+00,-8.918000000000000371e-01
2.242799999999999905e+00,-1.670999999999999985e-01,6.408000000000000362e-01
-5.289000000000000368e-01,1.956499999999999906e+00,2.903300000000000214e+00
1.835499999999999909e+00,1.200399999999999912e+00,1.534499999999999975e+00
2.243999999999999884e-01,-1.685999999999999999e-01,1.629999999999999852e-02
-2.323999999999999955e-01,2.013799999999999812e+00,-1.162099999999999911e+00
-1.396600000000000064e+00,8.394000000000000350e-01,1.544200000000000017e+00
1.118999999999999995e-01,1.697400000000000020e+00,3.059899999999999842e+00
3.024000000000000021e-01,1.673000000000000043e+00,1.544300000000000006e+00
2.678100000000000147e+00,5.096000000000000529e-01,7.158999999999999808e-01
-2.448900000000000077e+00,2.129000000000000059e-01,4.046000000000000152e-01
1.962099999999999955e+00,1.010599999999999943e+00,6.148000000000000131e-01
3.617000000000000215e-01,4.178999999999999937e-01,4.260999999999999788e-01
7.470999999999999863e-01,2.501300000000000079e+00,2.428500000000000103e+00
6.700000000000000400e-01,-5.500000000000000028e-02,3.219999999999999946e-02
-6.060999999999999721e-01,6.750000000000000444e-01,1.807299999999999907e+00
2.338600000000000012e+00,1.899999999999999996e-03,2.762100000000000222e+00
1.165999999999999925e+00,1.067800000000000082e+00,-3.090000000000000038e-02
2.392300000000000093e+00,1.349699999999999900e+00,2.787000000000000033e-01
1.937000000000000055e+00,1.166400000000000103e+00,1.768799999999999928e+00
-1.607799999999999896e+00,9.243000000000000105e-01,1.847000000000000031e-01
9.000000000000000000e+00,9.000000000000000000e+00,9.000000000000000000e+00
-2.962899999999999867e+00,2.103499999999999925e+00,8.954999999999999627e-01
2.221799999999999997e+00,1.009600000000000053e+00,4.205999999999999739e-01
-1.961899999999999977e+00,7.764999999999999680e-01,-2.454000000000000070e-01
-2.058899999999999952e+00,1.372100000000000097e+00,-9.070000000000000284e-01
-1.230399999999999938e+00,-3.038800000000000168e+00,-8.889000000000000234e-01
3.898400000000000087e+00,1.043500000000000094e+00,1.258399999999999963e+00
1.066699999999999982e+00,-2.824999999999999734e-01,-2.488900000000000112e+00
-8.558999999999999941e-01,2.047400000000000109e+00,1.278200000000000003e+00
1.911399999999999988e+00,6.479999999999999649e-02,-4.060000000000000275e-01
7.623999999999999666e-01,3.206399999999999917e+00,-8.500000000000000611e-02
2.150399999999999867e+00,1.736199999999999966e+00,4.724999999999999756e-01
1.880000000000000004e-01,2.091600000000000126e+00,2.463099999999999845e+00
7.036000000000000032e-01,1.465899999999999981e+00,-6.690000000000000391e-01
4.854999999999999871e-01,6.514999999999999680e-01,2.829999999999999877e-02
1.818999999999999950e+00,4.934000000000000052e-01,1.582100000000000062e+00
1.947000000000000064e+00,1.407799999999999940e+00,1.650300000000000100e+00
1.892900000000000027e+00,6.469000000000000306e-01,3.197999999999999732e-01
-7.919000000000000483e-01,1.743700000000000028e+00,5.201000000000000068e-01
-2.220600000000000129e+00,8.874999999999999556e-01,1.967100000000000071e+00
-6.936999999999999833e-01,1.915999999999999925e-01,3.414099999999999913e+00
7.701999999999999957e-01,-7.571999999999999842e-01,-1.537000000000000033e-01
-2.970999999999999752e-01,1.780200000000000005e+00,1.116200000000000081e+00
1.058200000000000029e+00,-1.421699999999999964e+00,-1.577499999999999902e+00
-2.833999999999999853e-01,2.303599999999999870e+00,1.604300000000000059e+00
-1.890600000000000058e+00,3.410000000000000253e-01,9.539999999999999591e-01
3.407700000000000173e+00,1.183999999999999941e+00,-3.799999999999999906e-02
9.395000000000000018e-01,2.424799999999999844e+00,1.994899999999999896e+00
-7.078999999999999737e-01,1.464399999999999924e+00,-1.103499999999999925e+00
-7.197000000000000064e-01,5.490000000000000435e-01,1.535099999999999909e+00
-1.628800000000000026e+00,2.519000000000000128e+00,1.066699999999999982e+00
1.487900000000000000e+00,8.491999999999999549e-01,1.045600000000000085e+00
-1.448600000000000110e+00,2.938699999999999868e+00,6.683999999999999941e-01
-1.467300000000000049e+00,1.022999999999999909e+00,2.585199999999999942e+00
-1.696000000000000008e-01,8.387999999999999901e-01,2.328300000000000036e+00
1.575399999999999912e+00,-3.996000000000000107e-01,1.023700000000000054e+00
-1.742199999999999971e+00,1.186199999999999921e+00,2.139999999999999888e-02
1.108300000000000063e+00,1.297199999999999909e+00,2.807799999999999851e+00
7.649999999999999856e-02,1.647000000000000020e+00,1.375399999999999956e+00
2.881000000000000227e-01,-5.310000000000000137e-02,6.087000000000000188e-01
3.314799999999999969e+00,-2.905899999999999928e+00,-5.907000000000000028e-01
-1.168700000000000072e+00,6.010999999999999677e-01,2.872399999999999842e+00
9.000000000000000000e+00,9.000000000000000000e+00,9.000000000000000000e+00
7.000000000000000666e-02,2.225400000000000045e+00,2.179199999999999804e+00
6.306000000000000494e-01,3.842999999999999750e-01,1.113399999999999945e+00
4.707999999999999963e-01,1.103499999999999925e+00,2.522200000000000220e+00
8.892999999999999794e-01,2.287799999999999834e+00,1.027300000000000102e+00
1.418900000000000050e+00,3.000199999999999978e+00,4.778999999999999915e-01
1.988000000000000045e-01,1.516199999999999992e+00,3.197999999999999732e-01
-7.799000000000000377e-01,2.155199999999999783e+00,-5.483000000000000096e-01
7.167999999999999927e-01,2.497000000000000053e-01,1.700000000000000122e-01
2.134000000000000064e-01,3.378999999999999782e-01,-4.529999999999999999e-02
-1.488599999999999923e+00,1.686399999999999899e+00,2.596000000000000085e+00
1.189799999999999969e+00,-8.697000000000000286e-01,1.669499999999999984e+00
-1.099599999999999911e+00,5.712000000000000410e-01,8.460999999999999632e-01
-1.211799999999999988e+00,2.529000000000000137e-01,5.773000000000000353e-01
1.139000000000000012e-01,3.653000000000000136e-01,1.812899999999999956e+00
-2.757200000000000095e+00,1.836699999999999999e+00,1.905000000000000027e-01
-9.627000000000000002e-01,1.256699999999999928e+00,1.290499999999999980e+00
8.816000000000000503e-01,-9.397999999999999687e-01,-3.335000000000000187e-01
2.007800000000000029e+00,5.370000000000000329e-01,1.416299999999999892e+00
1.805099999999999927e+00,2.951900000000000190e+00,4.227000000000000202e-01
-1.312000000000000111e-01,1.839900000000000091e+00,2.334600000000000009e+00
8.060000000000000497e-02,1.926700000000000079e+00,1.881000000000000005e+00
-1.300599999999999978e+00,3.840000000000000080e-01,9.100000000000000311e-01
8.659000000000000030e-01,1.187000000000000055e+00,1.874400000000000066e+00
3.093000000000000194e-01,-7.845999999999999641e-01,2.783999999999999808e-01
7.278000000000000025e-01,-5.332999999999999963e-01,-1.594999999999999973e+00
6.221999999999999753e-01,4.784999999999999809e-01,1.639299999999999979e+00
9.189000000000000501e-01,1.690499999999999892e+00,-1.448000000000000120e-01
-2.033000000000000085e-01,1.842300000000000049e+00,-1.698000000000000065e-01
1.099800000000000111e+00,9.677999999999999936e-01,1.732599999999999918e+00
9.000000000000000000e+00,9.000000000000000000e+00,9.000000000000000000e+00
-1.939899999999999958e+00,1.255500000000000060e+00,7.523999999999999577e-01
1.865299999999999958e+00,3.056599999999999984e+00,5.758999999999999675e-01
4.238999999999999990e-01,2.629000000000000226e-01,2.116000000000000103e-01
-6.359000000000000208e-01,1.552899999999999947e+00,-2.093000000000000138e-01
4.578999999999999737e-01,8.198999999999999622e-01,-4.557999999999999829e-01
-1.907999999999999974e-01,1.195599999999999996e+00,3.438999999999999835e-01
-5.141999999999999904e-01,2.763999999999999790e-01,-9.389999999999999736e-02
2.576799999999999979e+00,1.856600000000000028e+00,1.741999999999999993e+00
2.563499999999999890e+00,1.766899999999999915e+00,1.155399999999999983e+00
-5.009999999999999870e-02,1.188099999999999934e+00,2.151100000000000012e+00
-2.185700000000000198e+00,9.898000000000000131e-01,-2.797000000000000042e-01
3.343999999999999750e-01,5.251000000000000112e-01,3.324300000000000033e+00
-8.707000000000000295e-01,1.191899999999999959e+00,2.905400000000000205e+00
-1.894900000000000029e+00,-1.197000000000000008e-01,2.560000000000000053e-01
-1.944199999999999928e+00,2.487099999999999866e+00,1.140700000000000047e+00
2.768600000000000172e+00,-2.410800000000000054e+00,6.095000000000000417e-01
2.000000000000000042e-03,-9.630999999999999561e-01,1.853699999999999903e+00
1.663999999999999924e-01,1.788200000000000012e+00,2.071600000000000108e+00
-1.743999999999999995e-01,1.216800000000000104e+00,6.762000000000000233e-01
1.428700000000000081e+00,-1.517000000000000015e-01,1.110100000000000087e+00
1.326000000000000068e+00,6.190999999999999837e-01,1.791299999999999892e+00
1.176700000000000079e+00,2.443400000000000016e+00,2.440700000000000092e+00
1.376700000000000035e+00,-9.133000000000000007e-01,-2.615000000000000102e-01
9.857000000000000206e-01,1.921499999999999986e+00,2.938699999999999868e+00
-2.777999999999999914e-01,4.040000000000000258e-01,2.828100000000000058e+00
1.621499999999999941e+00,1.165999999999999953e-01,4.460000000000000075e-02
3.099999999999999978e-01,3.147100000000000009e+00,9.141000000000000236e-01
-7.570000000000000340e-02,3.205900000000000194e+00,6.823000000000000176e-01
-1.497000000000000108e+00,1.223200000000000065e+00,1.082999999999999963e+00
8.949000000000000288e-01,6.707999999999999519e-01,2.058800000000000185e+00
-1.034799999999999942e+00,1.670800000000000063e+00,1.820100000000000051e+00
-2.177400000000000002e+00,2.154700000000000060e+00,4.557999999999999829e-01
9.758000000000000007e-01,3.331999999999999851e+00,-2.859999999999999765e-01
-5.850999999999999535e-01,1.359499999999999931e+00,2.277800000000000047e+00
7.574999999999999512e-01,6.832000000000000295e-01,1.436199999999999921e+00
8.565000000000000391e-01,1.462800000000000100e+00,9.239000000000000545e-01
-2.102300000000000058e+00,-1.042000000000000010e-01,2.257800000000000029e+00
1.388600000000000056e+00,1.020999999999999963e-01,-5.100000000000000366e-03
-2.492000000000000048e-01,2.535000000000000031e-01,-2.237000000000000099e-01
9.114999999999999769e-01,-9.644000000000000350e-01,1.963500000000000023e+00
-5.163999999999999702e-01,2.081900000000000084e+00,2.494200000000000195e+00
2.616499999999999826e+00,1.011600000000000055e+00,9.956000000000000405e-01
-7.853999999999999870e-01,-1.210199999999999942e+00,1.393199999999999994e+00
8.727000000000000313e-01,2.354200000000000070e+00,-4.364999999999999991e-01
2.070899999999999963e+00,-8.260999999999999455e-01,-1.047099999999999920e+00
-8.985999999999999543e-01,3.323100000000000165e+00,2.121999999999999997e-01
-8.615000000000000435e-01,-1.020799999999999930e+00,1.995900000000000007e+00
4.815999999999999726e-01,2.533000000000000251e-01,3.157900000000000151e+00
1.097299999999999942e+00,1.691599999999999993e+00,1.340200000000000058e+00
-1.300499999999999989e+00,2.602799999999999780e+00,5.980999999999999650e-01
1.853599999999999914e+00,1.386999999999999900e-01,2.526199999999999779e+00
-9.688999999999999835e-01,-2.943999999999999950e-01,2.313200000000000145e+00
-1.510699999999999932e+00,-5.990000000000000185e-02,1.079700000000000104e+00
-5.610000000000000542e-01,4.210999999999999743e-01,1.942000000000000115e-01
-3.421000000000000152e-01,-5.356999999999999540e-01,7.252999999999999448e-01
-6.069999999999999701e-02,2.098399999999999821e+00,1.084600000000000009e+00
1.631399999999999961e+00,1.020299999999999985e+00,1.744099999999999984e+00
1.229700000000000015e+00,1.718900000000000095e+00,1.645999999999999963e-01
1.890900000000000025e+00,-2.615000000000000102e-01,7.803999999999999826e-01
2.275599999999999845e+00,-5.999999999999999778e-01,1.098999999999999977e-01
1.339800000000000102e+00,2.496700000000000141e+00,5.002999999999999670e-01
-2.532399999999999984e+00,-5.413000000000000034e-01,6.202999999999999625e-01
8.570999999999999730e-01,1.304999999999999938e+00,2.129999999999999949e-01
-3.161999999999999811e-01,-7.799999999999999642e-03,3.594300000000000050e+00
-2.298500000000000210e+00,1.377799999999999914e+00,-1.885999999999999899e-01
9.970999999999999863e-01,-1.423799999999999955e+00,1.665499999999999980e+00
4.455000000000000071e-01,1.751300000000000079e+00,2.065500000000000114e+00
-2.318999999999999950e-01,2.342299999999999827e+00,2.253800000000000026e+00
-3.249000000000000221e-01,1.496399999999999952e+00,1.683100000000000041e+00
-1.175899999999999945e+00,1.163999999999999924e+00,1.918299999999999894e+00
-2.751000000000000112e-01,-7.671999999999999931e-01,1.198700000000000099e+00
-2.869200000000000195e+00,1.499000000000000055e-01,4.027000000000000024e-01
2.222999999999999976e-01,1.044699999999999962e+00,-6.283999999999999586e-01
-2.863999999999999879e-01,1.231899999999999995e+00,3.385200000000000209e+00
1.088300000000000045e+00,2.477000000000000035e-01,2.008799999999999919e+00
-2.357000000000000206e+00,6.703000000000000069e-01,7.127999999999999892e-01
3.657999999999999918e+00,3.891000000000000014e-01,4.011000000000000121e-01
7.680000000000000160e-01,-2.889999999999999861e-02,1.377000000000000002e+00
1.732399999999999940e+00,2.450000000000000094e-02,3.472999999999999976e-01
-2.454099999999999948e+00,2.832699999999999996e+00,2.661000000000000032e-01
1.187500000000000000e+00,1.189000000000000057e+00,6.276000000000000467e-01
-3.079000000000000070e-01,5.158000000000000362e-01,4.439000000000000168e-01
1.087599999999999900e+00,5.582000000000000295e-01,1.002799999999999914e+00
2.199600000000000222e+00,1.333800000000000097e+00,1.943799999999999972e+00
-7.379999999999999893e-01,2.319500000000000117e+00,9.537999999999999812e-01
1.040499999999999980e+00,-6.136000000000000343e-01,5.958999999999999853e-01
8.716000000000000414e-01,1.796100000000000030e+00,6.712000000000000188e-01
-3.598000000000000087e-01,8.339999999999999636e-01,1.750999999999999890e+00
6.147000000000000242e-01,2.343799999999999883e+00,8.909000000000000252e-01
-4.050000000000000128e-02,-6.620000000000000329e-01,6.768999999999999462e-01
-9.697000000000000064e-01,-6.199999999999999956e-01,1.058000000000000052e-01
-1.623599999999999932e+00,1.461500000000000021e+00,2.575299999999999923e+00
1.000099999999999989e+00,1.452299999999999924e+00,1.196199999999999930e+00
1.334400000000000031e+00,1.692399999999999904e+00,2.211599999999999788e+00
9.865000000000000435e-01,-4.939000000000000057e-01,6.317000000000000393e-01
-3.905000000000000138e-01,-1.679999999999999896e-02,1.215100000000000069e+00
-1.370000000000000107e-01,8.099999999999999561e-03,5.877000000000000002e-01
1.439799999999999969e+00,1.190000000000000085e-02,1.845999999999999863e-01
1.500000000000000000e+00,7.911000000000000254e-01,1.152199999999999891e+00
1.421200000000000019e+00,2.597700000000000120e+00,1.151899999999999924e+00
-4.162000000000000144e-01,2.470299999999999940e+00,2.411999999999999922e+00
1.270399999999999974e+00,1.858200000000000074e+00,5.003999999999999559e-01
-1.200700000000000101e+00,-2.890299999999999869e+00,-1.243999999999999967e-01
1.990199999999999969e+00,2.913800000000000168e+00,6.097000000000000197e-01
1.710000000000000062e-02,1.564500000000000002e+00,1.200299999999999923e+00
5.321000000000000174e-01,-5.008000000000000229e-01,1.352800000000000002e+00
-1.338999999999999968e+00,2.681700000000000195e+00,1.626300000000000079e+00
-1.715799999999999992e+00,6.965999999999999970e-01,2.079400000000000137e+00
-1.434900000000000064e+00,7.090000000000000469e-02,6.435999999999999499e-01
9.000000000000000000e+00,9.000000000000000000e+00,9.000000000000000000e+00
1.469000000000000028e-01,1.284899999999999931e+00,2.354800000000000004e+00
4.307000000000000273e-01,2.685000000000000164e-01,1.929200000000000026e+00
9.106999999999999540e-01,2.275199999999999889e+00,1.113599999999999923e+00
-1.500399999999999956e+00,1.435400000000000009e+00,6.260000000000000286e-02
-1.021600000000000064e+00,3.176200000000000134e+00,3.714000000000000079e-01
-9.759999999999999787e-01,7.090000000000000469e-02,1.741400000000000059e+00
3.927999999999999825e-01,3.202300000000000146e+00,5.117000000000000437e-01
1.627999999999999892e+00,8.459999999999999465e-02,5.040999999999999925e-01
9.060000000000000275e-01,1.820599999999999996e+00,9.831999999999999629e-01
-4.158000000000000029e-01,1.670500000000000096e+00,2.772600000000000176e+00
-1.566799999999999971e+00,2.040299999999999780e+00,2.359500000000000153e+00
-1.087999999999999939e-01,2.669000000000000261e-01,4.349999999999999700e-02
-4.929000000000000048e-01,1.101299999999999946e+00,9.100000000000000311e-01
2.264100000000000001e+00,2.113599999999999923e+00,1.975999999999999979e+00
-1.419799999999999951e+00,4.239999999999999880e-01,7.747000000000000552e-01
-8.722999999999999643e-01,1.634200000000000097e+00,-2.023999999999999966e-01
2.232499999999999929e+00,6.319000000000000172e-01,1.536299999999999999e+00
-1.961799999999999988e+00,1.490199999999999969e+00,7.587000000000000410e-01
2.709000000000000075e+00,-2.393000000000000127e-01,9.284000000000000030e-01
-1.433799999999999963e+00,1.103699999999999903e+00,3.916000000000000036e-01
1.840899999999999981e+00,2.429999999999999938e-01,1.230599999999999916e+00
-2.812000000000000055e-01,-4.732000000000000095e-01,4.111000000000000210e-01
-2.373600000000000154e+00,7.655999999999999472e-01,1.156400000000000095e+00
1.373899999999999899e+00,2.646900000000000031e+00,1.461699999999999999e+00
2.012999999999999901e+00,5.799999999999999600e-01,2.624400000000000066e+00
-3.489300000000000068e+00,1.663200000000000012e+00,1.244399999999999951e+00
-1.083700000000000108e+00,1.705500000000000016e+00,3.013100000000000112e+00
-9.701999999999999513e-01,2.212899999999999867e+00,-4.578999999999999737e-01
1.400000000000000133e-01,1.089199999999999946e+00,2.317000000000000171e+00
-1.365699999999999914e+00,-8.028999999999999471e-01,2.847000000000000086e-01
1.990199999999999969e+00,9.271000000000000352e-01,1.637000000000000011e+00
-2.565999999999999948e-01,3.053799999999999848e+00,1.168000000000000010e-01
-1.971799999999999997e+00,1.774999999999999911e+00,1.071900000000000075e+00
2.215700000000000003e+00,-9.425000000000000044e-01,-1.279000000000000137e-01
-1.862999999999999989e+00,2.473800000000000221e+00,4.254000000000000004e-01
1.883999999999999897e+00,2.989999999999999880e-01,1.482199999999999962e+00
-1.863299999999999956e+00,-4.979999999999999982e-01,2.234199999999999964e+00
-1.722299999999999942e+00,1.211899999999999977e+00,2.463699999999999779e+00
-5.685000000000000053e-01,1.096799999999999997e+00,-1.650000000000000078e-02
9.000000000000000000e+00,9.000000000000000000e+00,9.000000000000000000e+00
-9.372000000000000330e-01,1.942600000000000104e+00,-6.430000000000000160e-01
1.539000000000000090e-01,-1.481999999999999984e+00,2.181299999999999795e+00
-3.039499999999999869e+00,2.999999999999999737e-04,2.154100000000000126e+00
-1.936500000000000110e+00,1.040999999999999981e-01,1.477600000000000025e+00
