6.693072687093182260e+00,1.176643933487612759e-01,2.959777586817036621e+00,4.419697577405290900e+00,3.162952798079349481e+00,3.046273867945929581e+00
3.811371722803241990e+00,1.257765313813258956e+00,1.153201256906475902e-01,3.031284671029521594e+00,9.153525925811148989e-01,4.196275364790939655e+00
4.775138962469593906e+00,2.447595200880170463e+00,7.251534728736688251e-01,2.045124972114905848e+00,4.356430620374280416e+00,3.514127100096862133e-01
2.542233803936071901e+00,1.918166800630561886e+00,3.001830947579967379e+00,3.744321188031274339e+00,4.956805959745627099e+00,6.251659696391537180e-01
5.966282720765745395e+00,1.010037294205707870e+00,3.027002707384868874e+00,1.005750535960514558e+00,6.160955230540228200e+00,5.259811831260303300e-02
6.114908426962226251e+00,2.230844900168893918e+00,1.286228170127728498e+00,1.799459517798025709e+00,1.595530347830007356e+00,2.725510775997385116e-01
1.591914253084587116e+00,5.957103268107422078e-01,7.859890643809535060e-01,6.135723014214205406e+00,3.605274401312364763e+00,5.695348508479558092e+00
6.043403535318113029e+00,1.410885825437300456e+00,9.222690100173930317e-01,3.323581847569297310e+00,2.262639633690009422e+00,1.416633821492897960e+00
6.174235572507806857e+00,1.679550595775873179e+00,2.349953504491039791e+00,2.630301282577300004e+00,4.694236184077267282e+00,4.893174234161472569e+00
5.387748566289043417e+00,1.717213642766218573e+00,4.850167152666475801e+00,3.788616808521522383e+00,1.456849962987209812e+00,5.018699087907896761e+00
2.113968122128664362e+00,7.369592137773918195e-01,2.448958217209074917e+00,6.535207805391266556e-01,2.158380977341811946e-01,3.709133423002858532e+00
1.987393187473551315e+00,1.566325266571313213e+00,5.787194374073632908e+00,8.534968854033847530e-01,5.938580950833713068e+00,3.126323880877673655e+00
3.468192156719845265e+00,2.822891405903010131e+00,5.634862317117454111e+00,2.187985000929091317e+00,5.056835176504870688e+00,1.822173900269143498e+00
7.827374808537230777e+00,7.705006195774054545e-01,2.584227469567271562e+00,3.471240528918121404e-01,1.087192559470592679e+00,2.018825683336446242e-01
5.168462479880538751e+00,1.214824502706398412e+00,1.242005506081471200e+00,7.191116627113104398e-01,3.920346051493997841e+00,2.006945462987518525e+00
1.866376807465517373e+00,7.578363017399750712e-01,2.541337375998143910e-01,9.282584850076894822e-01,2.722006485203914306e+00,2.266939224608657266e+00
6.155074448635824425e+00,2.323997810197397040e+00,1.985111559282311422e+00,4.168072023857154917e+00,2.345341959769580431e-01,5.567041887049398952e+00
2.008060773694351209e+00,8.045971172258787885e-01,2.437604893271029027e+00,4.859328322171416303e+00,6.241478048764816933e-01,4.314485183266006274e+00
7.431075395940965223e+00,9.515030602426043371e-01,5.343797861506226710e+00,5.138733679180505831e+00,2.759199697686845809e+00,2.500812634909573617e+00
2.640049595107873515e+00,1.111750530585091878e+00,2.676602829285776308e-01,3.147748739122345540e+00,3.315331732981404156e-01,3.094319191219335963e+00
4.718847673720173219e+00,4.101843948029652576e-01,2.331428676234374997e-01,3.979486666033774434e+00,1.824516876113333685e+00,2.163218530906822590e+00
3.945333176809330489e+00,1.014668216516628529e+00,5.519577328536799499e+00,3.129956143709638372e+00,6.001062679812878969e-02,1.655295440247052552e+00
3.372320491219596761e+00,2.718188528274672056e+00,2.293346858024516877e+00,5.312934526903970500e+00,5.450306668076751571e+00,2.646145192749068120e-01
7.655930362429833380e+00,8.690501866939623898e-01,2.072726605131788080e+00,2.593484359015600038e+00,3.757244669721258035e+00,9.991464716462631346e-01
2.625622447616295485e+00,2.123362580473447281e+00,2.455046720570274843e+00,6.583120142618372750e-01,4.305382014571696558e+00,3.877700026298320335e+00
3.827454271746743242e+00,2.493756772496512841e+00,1.950789150491937685e+00,2.099282669016279357e+00,1.417291131712229868e+00,1.741506240292138852e+00
4.999379872762984789e+00,1.310412703629129316e+00,1.590271994502574504e+00,2.958116914117120633e+00,8.464421003883574324e-01,1.761326193982114541e+00
3.101222584327998355e+00,9.336454351296941123e-01,2.346292368505619397e+00,1.538820510833933231e+00,4.858051244583301731e+00,7.121974944655672102e-02
4.308414798214082353e+00,1.956281448292273240e+00,3.689417516086641591e+00,3.970474532673083701e+00,3.072451441890684531e+00,4.459166352724015958e+00
4.440577492052311115e+00,1.025104249884497554e-01,2.429072109487026676e+00,1.631695872443899908e+00,6.108993403344442630e-01,7.585182157414012138e-01
7.211337622314652585e+00,2.502969777466285128e-01,2.895689813619179542e+00,3.313486633478794907e+00,4.438497826083654729e+00,4.814703712344861941e+00
4.073686969216543829e+00,7.221683465149452141e-01,3.269348670866507156e+00,3.605322051377126247e+00,1.832589034547067897e+00,3.108127550014261331e+00
2.085792959892196929e+00,1.896307665771172823e+00,3.674961004503489281e+00,3.994096678100631070e+00,2.840840306225226541e+00,4.040590986467539558e+00
1.195700790383565693e+00,1.164211995758945184e+00,1.209578821701719376e+00,2.280687948604829263e+00,1.556254989718310666e+00,3.018646561103226489e+00
4.248887423002692287e+00,1.861970649865647864e+00,5.685093220451132856e-01,5.300803362359516768e+00,5.858448417461691093e+00,4.252398777802014473e-01
4.083671838308325697e+00,4.008951031777583385e-01,4.234483315049400787e+00,5.036611171753252458e-01,4.223144109498997878e+00,4.828232145974737932e+00
2.800148534727713745e+00,1.464568171173409539e+00,1.769284155841075901e+00,5.568625897414515968e+00,2.902294115335316338e+00,2.111288275080800858e+00
2.249321426678664970e+00,9.971770515720395078e-01,3.626242385703837279e+00,3.326705917357170250e+00,2.744662640015480104e+00,2.970136229314648268e+00
5.911546719958032270e+00,2.385242834788870336e+00,3.962495575952943661e+00,4.041927408920050979e+00,4.181048348302374151e+00,2.161188143488248947e+00
3.585714124168958072e+00,1.944959546467259326e+00,2.088550523682866533e+00,5.020781321003269682e+00,3.393987738304181434e+00,6.261707523676069087e+00
1.301098410098233460e+00,2.223924727177300387e+00,4.819870063693909579e+00,5.474843894154453494e+00,5.829467185019312936e+00,4.953759431962557080e+00
1.283594451075927179e+00,9.347801381241492846e-01,5.890690448197276829e+00,2.912357380724796219e+00,2.813629264683090714e+00,3.584133146107584711e+00
4.835974694783752525e+00,2.560340031312019704e+00,5.556299381679915328e+00,5.807986456766294658e+00,3.560855985036263327e+00,5.053190818578040755e+00
2.548479644818962164e+00,6.755426419347627665e-01,3.624695528096893438e-01,1.886712878148755879e+00,4.953358379343759665e+00,3.834242487491174245e+00
1.149105965172965593e+00,2.008521156718769074e+00,5.684274572627032285e+00,3.887344538781126069e+00,4.177952167345364565e+00,1.579471828397691846e+00
3.218942698964847970e+00,1.344138306280656670e+00,4.138388385366472910e+00,1.815667698482576808e+00,1.002279853376356611e+00,8.093770489288130143e-01
3.417253285176263589e+00,2.393855790177682741e-01,3.418430186858609776e+00,5.827369284122308812e+00,5.064310757561800713e+00,8.408873958353560440e-02
3.113252998466301324e+00,9.423776144064146543e-01,4.550577292518283024e+00,4.070353026211963154e+00,1.358989600574538770e+00,5.465897061722908568e+00
6.678199339995863681e+00,4.935644379694477668e-01,5.699370763485798186e+00,3.519254967284647595e+00,7.358589376364008672e-01,2.633154845308254277e+00
7.468041104933966778e+00,2.232169825540838703e-01,2.838163916519179875e+00,4.597656830088840074e+00,4.183085917128624764e+00,5.043404978606443656e+00
5.694914146017278078e+00,1.661359655306814620e+00,3.892760829993733740e+00,3.878275413377191505e+00,5.424156433999433702e+00,8.698570745628922962e-01
7.422484283431667329e+00,2.404398887174617361e+00,9.187497098356545155e-01,5.316191587838626553e+00,4.838274809808077670e+00,4.037189843226865804e+00
6.197340746793234878e+00,2.295050372099129987e+00,8.570261986274235744e-01,4.988403429264778310e+00,4.783557828217404051e+00,4.916539620141461064e+00
6.807414120456231288e+00,2.989849954796435672e+00,1.753486101740282299e+00,2.438572774853823510e+00,7.057910340878945643e-01,5.550407840676510496e+00
5.056020028237413477e+00,2.183009009648703980e-01,1.115818223283030930e+00,4.839244111581931129e+00,3.197030248490682514e+00,2.963698687676108445e+00
6.611621247896511733e+00,2.373601689021019645e+00,3.529947633238394555e+00,6.600259908901536798e-01,4.352338204335585381e+00,4.050407618994238845e+00
5.053629108406848758e+00,3.337502626742463452e-01,2.843620529460852975e+00,4.169297870039782694e+00,4.607560137779818987e+00,1.547752209441074722e+00
4.065055925326468866e+00,2.851458718340009746e+00,1.178845790699012852e+00,1.630094931719120011e+00,7.580121920112656841e-01,4.222484774155057075e+00
6.143355363601935792e+00,1.118202961248538463e+00,4.392228443623093170e+00,3.201878921403857325e-01,3.857279659569179397e+00,3.906278039515492129e+00
5.301163636287911984e+00,1.334141249117804406e+00,1.603854653671502817e+00,1.611318517364303426e+00,1.865170084907276538e+00,3.369429692448032476e+00
6.564438369972842580e+00,1.188141147124894603e+00,4.933226732351331911e+00,4.543742255773908667e+00,3.696001098525669715e+00,2.332336054461628283e+00
7.775371507157650797e+00,1.180963490834206819e+00,4.885548507317733602e+00,4.320453412467103682e+00,1.445233703535849346e+00,2.609380367473618456e+00
4.568152679703954888e+00,2.347592380186771077e+00,3.468971321159668886e+00,2.293003851944570570e+00,1.129495696693071149e+00,3.747379580688931178e+00
4.140040078268249601e+00,1.056841251118170399e+00,3.682343886577747138e+00,6.029904710336659868e+00,2.558467475870574770e+00,3.542242663220003251e+00
5.558646988861831062e+00,8.073234276272583942e-01,1.213784337988307094e+00,1.981495494150025571e+00,4.724820372094112209e+00,8.641423223708494250e-01
6.732462209059024261e+00,1.684098905675476487e+00,2.349179410437752136e+00,1.071873169471481368e+00,5.253052767966016390e+00,3.470456756846702184e+00
5.832493684902070541e+00,1.216912458909066075e+00,2.574814430712692559e+00,1.702012443592646029e+00,5.141677768341786914e-01,2.228071938246843908e-01
4.344317135537497876e+00,1.259538319435191678e+00,6.255728257245103840e+00,3.771330421720999748e-01,3.527081768093131231e+00,1.832084718007416679e+00
3.078789918078522980e+00,2.252664680156855503e+00,1.346065254001119316e+00,1.074646245590717974e+00,8.315564204100833745e-02,1.644609579755728079e+00
5.979341188120598893e+00,4.849412293392411921e-02,4.680989174630442839e+00,2.900784642895565923e+00,5.437156530841171787e+00,4.921786082648712757e+00
3.097028418983645892e+00,6.700419516990405722e-01,2.721937658970355223e+00,1.997008851752887004e+00,1.349719173183373755e+00,1.324789656925829062e+00
5.786846680081938032e+00,2.994733379651519201e+00,1.952227784478605566e+00,6.157575232304906443e+00,5.496240292105978753e+00,6.772854249650127334e-02
7.151664343700868010e+00,1.330221125851267061e+00,4.208615021006695045e+00,3.848089227599933992e-01,5.613601405432866009e+00,5.931980988648555275e+00
5.416469340104165475e+00,5.587955733763060318e-01,2.592949197412671491e+00,4.837604692305093934e+00,4.866628719635636813e+00,2.378139824613417996e+00
2.325477874781867182e+00,4.261109416499128111e-01,4.544834613464548312e+00,9.153826774096370800e-01,1.697234366144515727e+00,1.457796814493023674e-01
4.767068991102014763e+00,5.437952198043647378e-01,3.349343770023278655e-01,3.168707894466772146e+00,3.496587383249896153e+00,8.858325248331458956e-01
6.174461597681363045e+00,2.690895096041037160e+00,1.225515190348817285e+00,1.513816117659000926e-01,2.719504234605962800e+00,4.134190688197000085e+00
4.802220479755615834e+00,2.271813974855722229e+00,4.944993720930622061e+00,5.075605765307983575e+00,2.594816589966761455e+00,3.681385176883700705e+00
1.465441773138462578e+00,2.838431943161162874e+00,5.067533784222724158e+00,1.397036678821062639e+00,7.156798366900318786e-02,4.950798022093875872e+00
7.082021190651081710e+00,1.267086525330040292e+00,5.093681685638067336e+00,3.629914657317461657e+00,4.873184689944101144e+00,3.522394797567196978e+00
7.878911578959594486e+00,2.741501522000319380e+00,4.499662349474882639e+00,1.186912727029442394e+00,5.691540338286023903e+00,3.743370998316164044e+00
1.086255152713778038e+00,2.620738373761040574e+00,3.630089727177566061e+00,4.562359556342910238e+00,1.976156800637846600e-01,5.434088117504557225e+00
5.002514759337935324e+00,1.892453014424086755e+00,4.907716060344138320e+00,3.468054338900771416e+00,7.515840006846248311e-01,1.990454396050199137e-01
7.192774757003549624e+00,6.967068110424362581e-01,5.496245834459367430e+00,4.475555424782120539e+00,4.519598952131420155e+00,4.745934002434332832e+00
4.410351829784364242e+00,3.030805082968342834e+00,4.361390035863329295e+00,5.985624595916573476e+00,4.098104975247206738e+00,1.300172101507901745e+00
6.385233192825388038e+00,2.957009120880086606e+00,2.208251316863231395e+00,5.251014969871652838e+00,1.918827323549286756e+00,2.805942754899221292e+00
3.710384671406946389e+00,1.873023344443249139e+00,4.525961975685574679e+00,3.653143051569897715e+00,3.979377981199748060e+00,3.908606108887007213e+00
6.384910023645184118e+00,2.687152051409161135e+00,4.027049647074803396e+00,2.472273116005819116e+00,4.342617683105098436e+00,3.543014384660100102e+00
7.762986602048934870e+00,1.114207159806188008e+00,3.189805205304042435e+00,4.237637102002712375e+00,2.382384378065755204e+00,5.966435352969480022e+00
2.139964155253302636e+00,9.176855853880023783e-01,2.521371630929841068e+00,2.455607236937771276e+00,1.274500929041102237e+00,6.081621059851027411e+00
5.292602801071193852e+00,2.594541731432997711e+00,4.381306449140165427e+00,2.292856295680903767e+00,5.702435771245640161e+00,3.701540794635811871e+00
2.185196029721383937e+00,4.164739601758297161e-01,2.857500409547094389e+00,3.162878551324451948e+00,4.407285802589366419e+00,5.081104040104551522e+00
5.956073193294712631e+00,3.037870006031640369e+00,6.098679025795732400e+00,3.885424275954917572e+00,2.893782105064127919e+00,4.664736194002544467e-01
6.959000809727975856e+00,2.137255927707057523e+00,4.940893161317846172e+00,4.319114066597226298e+00,5.093542779245392005e+00,6.015432472390543239e+00
6.013095969925447370e+00,1.304038215518928734e+00,2.258224187278324580e-01,1.318926781471871923e+00,5.226006042091967174e+00,3.321315829925135077e+00
5.268766696042353814e+00,2.168491869059318233e+00,4.699699106391096448e-01,5.894687218119147865e+00,3.319605592697134622e+00,2.608703281459975098e+00
3.585833600822719180e+00,2.968066871948230601e-01,2.720246562676305935e+00,1.776171100982408602e+00,2.781376438387819228e-01,4.434781649972895368e-01
4.694210745213275082e+00,8.439869988737148665e-01,7.145565665228902352e-01,2.178861714282124940e+00,5.480576329573527694e-01,1.230450420244072030e+00
2.397318790043687642e+00,3.654340550507991225e-01,3.530674627092935669e+00,1.602756940395206442e+00,5.385957916261111755e+00,2.724005830432707054e+00
4.536949523345022328e+00,3.606742615188367473e-01,3.504360593160545712e+00,3.673868647693572242e+00,4.064406076304750925e+00,4.844639975170546009e+00
5.610774215027479528e+00,2.267826053464817804e+00,5.482857935408192995e-01,8.215118704306378916e-01,4.859354764275734873e+00,5.173791703041462853e+00
6.511097049682404325e+00,6.488738809451152223e-01,2.278643313202624032e+00,3.401780167158908963e+00,2.160017938365582424e+00,9.904533295425214101e-01
2.966825733144410115e+00,2.441313882625168130e+00,4.844134727472232171e+00,6.152911929787457268e+00,2.122698766167116169e+00,2.475058091196266741e+00
3.268043280438451603e+00,1.473963239559901828e+00,3.348066077797280382e+00,1.105770203584093947e+00,6.097583186325993942e+00,5.314451867022162546e+00
4.734547386623980891e+00,1.297254088033665820e+00,3.138130449882103878e+00,2.854867293818079688e+00,4.404536663188187262e+00,4.153800966603179212e+00
6.280117680172306649e+00,2.832650118841647746e+00,4.405171621844266916e+00,2.886711901257514867e-01,3.338972166245471329e-01,3.503873864272547767e+00
2.590435862119705224e+00,4.427841514495395314e-01,1.022656422441413415e+00,7.398422489250557899e-01,1.270177690095366518e+00,4.190251084339751131e+00
6.477177429466904890e+00,8.691976426920641208e-01,1.807331444886859373e+00,5.068229213686614720e-02,5.599513469668871979e-01,4.010731512124485754e-01
6.440924762700890760e+00,1.751451468403630640e+00,9.547389420201054522e-01,6.141449321331197808e+00,3.376087531337773839e+00,3.524588527162959117e+00
7.812322412513480252e+00,2.393030295256720841e+00,2.042085626984801561e+00,7.731827023881443495e-01,1.641819843353352626e+00,6.073470600715229040e+00
1.710648683823812188e+00,4.062197172894023711e-01,3.317927376130630712e+00,5.999824412883294045e+00,4.010342706035864957e+00,4.545089931481742340e+00
1.642888484985180142e+00,7.526479485272431491e-01,3.963163124883834154e+00,3.278001958725310860e+00,1.930455556997582756e+00,3.243200425189722846e+00
4.188655572546808870e+00,4.446918418557228025e-01,5.134640000935400295e+00,2.952643413702383590e+00,6.732417030775034172e-01,2.879289260326261049e-02
7.144231515510290009e+00,2.285876250014765354e+00,3.303176512386043928e+00,5.275977464429717045e+00,8.433691717066544857e-01,4.547782820379073776e+00
6.909104340164240909e+00,1.310160818375220693e+00,3.064075187893791963e+00,5.169253929129315139e+00,1.385614916366880278e+00,1.357507855236096628e+00
5.730759664031723766e+00,1.451957305440939150e+00,5.246284847472919566e+00,2.790769050592778466e+00,6.047388854780273881e+00,2.847394941144160807e+00
7.270306540541816354e+00,1.670846805327145024e+00,1.795467942350780666e+00,4.022456475601735804e+00,6.037851349747844765e+00,5.140128538273866177e+00
3.040971871401433546e+00,2.318964238133024214e+00,1.955940767335847319e+00,3.117206294012751400e+00,5.358007498681361724e+00,4.488753983790628732e-01
4.596185685424654110e+00,2.945315761306357860e+00,1.155070387507303176e+00,5.873618013306695751e+00,1.430860770370562474e+00,2.653116211071596897e+00
6.534951193078115672e+00,4.255223612963436874e-01,5.358927847856812754e+00,1.182678583976563447e+00,1.587179719513850396e-01,1.693468071673705833e+00
3.261133887927306851e+00,1.081863520414088953e+00,2.168356721137265630e+00,5.789143279436363088e+00,2.446902631205372991e+00,4.792554651344661742e+00
6.276650768447652240e+00,1.966970561323581945e+00,5.318081110212832030e+00,1.503858546958822151e+00,4.692792110441083686e+00,5.775381180450124496e+00
1.366899802569913280e+00,2.924200845881890665e+00,6.273666029909495734e+00,1.630014039900706591e+00,3.930772643737625138e+00,5.498767968910463821e+00
7.788730278720497502e+00,1.109862991000527765e+00,4.718480116501170940e+00,1.025020020398181186e+00,5.833835339736313408e+00,4.046655142097829172e-01
2.288110186399006984e+00,2.193089468893578697e+00,1.188255267983572505e+00,3.904401412751504985e+00,3.443227768877479722e+00,5.817432183976306348e+00
6.779803906236834266e+00,4.838180656812632874e-01,4.552706200767719480e+00,5.764032147220869540e+00,3.028489233087518162e+00,1.090064464730468308e-01
4.995214378168569169e+00,2.181114988461211546e+00,3.350414235405860808e+00,2.098375213302349884e+00,1.754423647319199864e+00,3.337987543916445254e+00
5.008607472949996975e+00,7.731786038189989441e-01,2.058774394481235337e-01,2.745381948930891269e+00,1.241582750466559970e+00,5.023786722309387720e+00
2.493208976278285860e+00,5.615626065490488816e-01,3.569808565366497266e+00,5.889812765545830997e-01,5.659531732815606730e+00,1.236283617106785027e+00
2.826452547379437519e+00,2.605090252482526569e+00,3.542520181974528004e+00,4.878590770288136369e+00,5.938637308184485875e+00,5.925708203290227516e+00
4.277669854786528170e+00,1.196513641400996253e+00,5.617761929375866714e+00,2.011101901785846469e+00,7.257783236628012613e-01,5.872563751537374088e+00
3.243961685091560465e+00,2.273781277780453358e+00,1.492184109900834166e+00,5.175154940730179121e+00,4.815943296054977729e+00,1.502554106860578553e+00
3.461636553527300819e+00,2.574563598304955292e+00,3.803233840986312675e+00,1.473091926396453921e+00,2.939905028551693000e+00,2.125174993976658655e+00
2.797008304227823317e+00,1.140440178560251816e+00,4.991006307066035319e+00,4.529875570392226436e+00,5.518164159029430138e+00,1.224824239572386009e-01
1.136639258275034647e+00,3.836610681302711767e-01,2.071334546246685004e+00,1.371266408635526624e+00,2.834258441410720142e+00,6.001706619242265228e-01
3.000877448624218680e+00,1.328073531054456136e-01,1.461037092343523636e+00,2.404065289631494018e+00,4.106641546134097709e-01,1.043101652489264675e+00
5.486411429056800237e+00,2.503330176939186025e+00,1.822888822110939611e+00,6.973034290719570816e-01,5.524268291169176948e+00,1.154538831132059684e+00
4.198672899763532307e+00,2.417758689284108531e+00,6.020667986881979239e+00,4.681503403204977154e+00,2.197042825240285602e+00,3.291771677660949802e+00
2.265863871929562290e+00,3.336407886098793352e-01,1.770518984541983309e+00,3.426199294786926419e+00,4.050152501055548804e+00,2.092695807754219928e+00
2.913035288410968704e+00,3.100241294890570654e+00,5.776877026673880700e+00,5.699104007065242783e+00,1.391968031268505657e+00,4.242835300439788071e+00
5.145716511003041838e+00,2.454688160732962032e+00,8.804751459872796060e-01,3.691201579113743581e+00,5.254057535378588994e+00,2.473679128163362329e+00
3.182939231142283720e+00,2.470370128155706446e+00,3.112108571048796346e+00,8.803171025125120508e-01,1.496243983688468893e+00,6.191379663938359812e+00
3.202463894466730743e+00,1.175255501581369932e+00,3.761307741317062803e+00,2.442720535756067068e+00,3.387023319050946668e+00,1.601147459654060912e+00
1.549021070053990590e+00,1.907353387478950779e+00,4.368246755178381235e+00,9.639225106731347248e-01,4.266632076522035355e+00,4.745012953350874696e+00
2.666275597441174927e+00,3.120421159601411421e-01,3.345527885128491086e+00,4.024033274374194669e+00,1.207209522398784429e+00,2.713024401840678834e+00
3.957142784850926631e+00,1.168697265711910349e+00,5.835114988721387341e+00,2.062014342914756604e+00,1.492240547096069236e-01,6.174123405736692050e+00
3.948464326734005603e+00,1.940712341369049021e+00,2.763158789871146936e+00,4.597136214824536715e+00,1.149748490304573156e+00,1.775631820752191725e+00
2.765390538578340607e+00,2.712172023053146308e+00,9.828991681235055289e-01,3.051649292448533668e+00,3.408976227012681104e+00,2.486308809850988233e+00
5.371551040840286007e+00,2.160993711716916010e+00,4.126447097867995240e+00,6.614223289850537646e-02,1.871882633993034117e+00,6.226984472479511368e+00
2.148611936946260403e+00,1.117844869945664676e+00,1.827589534303939001e+00,3.917055611464137055e+00,3.558725385945955555e+00,1.981568798849201229e+00
4.784444714492742889e+00,1.073137443630174381e+00,8.443460115221577134e-01,6.609590310011013159e-01,2.294092570765110306e+00,2.941056195113010752e+00
3.984076886742449197e+00,1.125324247202107442e+00,4.446763885431877839e+00,5.513190147000375241e+00,4.882906602508722216e+00,7.819463988364406815e-01
4.062273883542776076e+00,2.594962468838843961e+00,5.922923590018913664e+00,2.811470431808059445e+00,5.029525687994386374e+00,3.064788242106501581e+00
7.247709506442798322e+00,1.726011885761596476e+00,5.912335272946260822e+00,2.815978550248344092e+00,3.060565775292976909e+00,4.872496217768385485e+00
2.847422893822053602e+00,5.037224173454212250e-01,1.654347385930797332e+00,1.407543167106920512e+00,5.245494607592932068e-01,8.836856710340388332e-01
2.588138934000988378e+00,5.862835791438230082e-01,4.484868535070344997e+00,1.138379508425357844e+00,5.811856577206352625e+00,1.792104884211932037e+00
7.091553324023418980e+00,9.215792257131723009e-01,3.480619146097513550e+00,5.030214499345149193e-01,5.904018428637185956e+00,4.375045586176048995e-01
6.020487345137646606e+00,2.829428625797392738e-01,1.835589451206953437e-01,1.173283117777351059e+00,4.584666513580225033e-01,4.562414532707644632e+00
1.274224719449735144e+00,1.939340302540944749e-01,4.147784418287495889e+00,5.421316292173798068e+00,5.307784833401052893e+00,4.148813892393155456e+00
5.843954706951884681e+00,1.457018307747361296e+00,5.997814597543422721e+00,1.426844350717717091e+00,5.517288026012715285e+00,5.654010557034290230e+00
6.070050210810750357e+00,6.285392856172590248e-01,4.724517446630199125e+00,5.366348890875968891e+00,9.651977797979377494e-01,1.851635806335294676e+00
5.397465508947602686e+00,2.542786756757633881e+00,2.754829038861895896e+00,2.291399118347897446e+00,5.466836862978938782e+00,6.163723881963692364e+00
5.690535577266293998e+00,6.717889242332393263e-01,6.194149212215720901e+00,6.148096581779655123e-01,2.810093456557992031e+00,4.941991085355810220e+00
1.721680148844798364e+00,1.049670379919398933e+00,6.005336024929539107e+00,1.627914089958238719e+00,5.470561898850439420e+00,5.530168288792985720e+00
7.951252214399545437e+00,1.603912873511379455e+00,7.418379607187685076e-01,3.906783693334432983e-01,3.789334785324864008e+00,1.892061585267465595e+00
6.323117324132429218e+00,2.525009460723268706e+00,4.825452931820390035e+00,1.843456726573624360e+00,5.103580857828621253e-01,6.117553065332506534e+00
5.529914595852652326e+00,3.015582386434671580e+00,4.206466306199802219e+00,2.216737317445008237e+00,3.419163089949206924e+00,5.518549381504069373e+00
4.790052883888002100e+00,7.394740993607549218e-01,8.140905575171934749e-03,5.002678980659122310e+00,3.578372265120295381e+00,3.094153818337763262e+00
6.198017221822704315e+00,2.536061007980904503e+00,5.830072414092157373e+00,2.919102379610300169e+00,4.730967828251261054e+00,5.893509556039268737e+00
2.441485655491663742e+00,2.926875867280709365e+00,2.414577456368920683e-01,2.740253961750803491e+00,2.921346553942632873e+00,5.439274384167076981e+00
6.942021882247928488e+00,7.286650543749552122e-01,1.406279828643923091e+00,1.350562840527813890e-01,5.220751128724812951e+00,3.237841672735162657e+00
3.518892498587030015e+00,2.067841357722953521e+00,4.674991883909539681e+00,5.437961732158932193e+00,1.071779359041738156e+00,3.914906519473431601e+00
5.554212289788057255e+00,6.578854110204983563e-01,5.383483084284186759e+00,2.904852926035702776e+00,3.858644102422165711e-01,4.074505361023446071e+00
4.979416003499798293e+00,2.862397020978159290e+00,2.293478956794702039e+00,3.647556442509416463e+00,1.721698659988542213e+00,4.164320816099236211e+00
2.141745499001815656e+00,1.408470140026730322e+00,1.540576723017037075e+00,2.507774743929268801e+00,7.624230628285173506e-01,2.789936900913261297e-01
2.321678059502279456e+00,2.768934476728726501e+00,6.049890830255268526e+00,4.889106141882377798e+00,5.416287102853433844e+00,1.578276557577981798e+00
3.891590518985243552e+00,2.301945365293859069e+00,4.477630373209557035e+00,1.384955887471737812e+00,1.915724214859372942e+00,5.163770841399802691e+00
3.460366469302087467e+00,6.672443598697319622e-01,4.221494519902582176e+00,2.266288671785857467e+00,2.357889440796429259e+00,4.266823626010436854e+00
5.389535020531558196e+00,1.856300585223451316e+00,1.306779527977314892e+00,3.150531285446678709e+00,6.522465083082436277e-02,4.174697146551380023e+00
6.040888985449496928e+00,1.087888357754493773e+00,4.251027289288695776e-01,5.883341407428415160e+00,1.988631677693326383e+00,4.061599338175020613e+00
5.842467816149658155e+00,1.989088265968509850e+00,5.751247279283707714e-01,3.838513485558938232e+00,2.359526396287522143e+00,1.192297056076305095e+00
4.317433381770732659e+00,1.234756618963011449e-01,3.784472210329430375e+00,5.393921251904397529e+00,1.334433640721413461e+00,1.663800969843941546e+00
6.774652094279611347e+00,1.614806804569586252e+00,5.082184170286694780e+00,3.395068149488363662e+00,3.111573362140690246e+00,5.255275700020816565e+00
3.354068114931306077e+00,1.227570837824667693e+00,3.145922920391014177e+00,5.783516909212385038e-01,5.927239868850435300e+00,2.929280227156064065e+00
5.768844044941188187e+00,1.439407167568666157e+00,4.702986077276364973e+00,2.828389458311290294e+00,2.439959066764874951e+00,1.460875626923160198e+00
1.885145194038398753e+00,3.854539392754283700e-01,1.647383576654441795e+00,8.035511447524095185e-01,2.455865774364524690e+00,3.117714374405210487e-01
7.205605345028021524e+00,1.610054663450968926e+00,4.636217882483893327e+00,6.395953757049498423e-01,2.010773896572914943e+00,3.373918659109370832e+00
3.047621753108091358e+00,2.518580093166245870e+00,3.046903209416172764e+00,4.258267894075741467e+00,1.216818321867908725e+00,7.022807257787714308e-01
5.641350560960470162e+00,1.186757152071903798e+00,1.791527631046438973e+00,6.052759435475087102e+00,1.590549653114499584e+00,8.799412572727000059e-01
2.265328500690579006e+00,1.351409306001563726e+00,1.265155287055368838e+00,3.477256096436291966e+00,5.863836349857783681e+00,3.615934177813374450e+00
5.320486008970934932e+00,7.173969455574539245e-01,4.165419356743973900e+00,3.104317007021144992e+00,2.038053709781048717e+00,2.608837965981686491e+00
1.518949948748047118e+00,6.747936389096779175e-01,2.424250870040012718e+00,3.291845756649525612e+00,3.357910604415743183e+00,6.212299445896229066e+00
4.775081614420055409e+00,6.168524401948279889e-01,7.498038982140410313e-01,4.488476160224454503e+00,5.135001931137066933e+00,5.116594080097022434e+00
6.999053809594990128e+00,2.544814692948502710e+00,5.862867235082522832e+00,2.918262283731160256e+00,8.629755611285521155e-01,4.970214121923830497e+00
7.380640599385818845e+00,1.203893629692206035e+00,4.806376694599770794e+00,5.056272230338582752e+00,4.672716692374379477e+00,4.143824275186780426e+00
1.356114478130575840e+00,1.099707562551213824e+00,6.278044205354405882e+00,5.580158462473616687e+00,4.088210079513318718e+00,2.349151793161964097e+00
2.001466673569934684e+00,1.389220124546530988e+00,5.804603668458511834e+00,5.439494033806859807e-01,5.298237359682238523e-01,2.866408260234528438e+00
2.053425780610438345e+00,8.141052244549544792e-01,6.233744301087851269e+00,4.981197614638945836e+00,4.028827983479701835e+00,1.100860396411690756e+00
4.592365117930776286e+00,1.931524215466038585e+00,9.643571210651618042e-01,3.959736777723768419e+00,1.291416068832211272e-01,5.190181311719495483e+00
6.010387367316509355e+00,4.120660146578325467e-01,4.586664310384573895e+00,2.473131812309892652e+00,3.815922450876848337e+00,4.376511681687063060e+00
4.995136765426824610e+00,5.682904919036697589e-01,6.085353304042501854e+00,6.149291973890157692e+00,6.273088476524035784e-02,6.910380792249044557e-01
6.923323449493020476e+00,2.029600354352625757e+00,5.698305323816305723e+00,3.891552514881621239e+00,8.877268885057915115e-01,3.726717400426790228e+00
2.838224703510091373e+00,4.284562316154489348e-01,1.080629875274579765e+00,8.274612322259990993e-01,1.454682929205282305e+00,4.304201863414612639e+00
7.894726697281218897e+00,2.747392591779934001e+00,3.895943335245928840e-01,5.002295276312493932e+00,1.095864471834865794e+00,3.647242826713168906e+00
3.717805810596479965e+00,1.172817806217465175e-01,2.067159839156324175e+00,5.630157356700351556e-01,3.768548079611307777e+00,4.640418248699742954e+00
2.835521089379789306e+00,1.424405581080725458e+00,4.329107587379061428e+00,2.759178604397896972e+00,2.598762195180512435e+00,2.488767850985100338e+00
5.110514036913483160e+00,3.108135794302291810e+00,3.195731436244166890e+00,6.220620243100927205e+00,3.816367045651184231e+00,1.138896276261376794e+00
5.987583411480088103e+00,2.407125267881311537e+00,3.176849617923729774e+00,4.736913478157267043e+00,1.858986577235482107e+00,4.781900731620723377e+00
6.993466007967470865e+00,1.127054597413780446e+00,2.635702650250421275e+00,5.819637361187878888e+00,1.205534625754768996e+00,6.279407026558109450e+00
1.437398792323905994e+00,9.623174574776722778e-01,5.220981191732374960e+00,5.198696213329345284e+00,4.843417011134881767e-02,3.548340124429590681e+00
6.926569058255539701e+00,1.068710177844033549e+00,3.129880208900059024e+00,8.484349425798675126e-01,4.224776815484766246e+00,5.540840702649730609e+00
5.878756750849928103e+00,2.637019054634715864e+00,4.097894868681437153e+00,6.254608443993724620e+00,3.984194514623148109e+00,6.199745127523060839e-01
7.441913797976710931e+00,1.396498345836546529e+00,6.139498714544284752e+00,4.363316205511781121e+00,9.240302457424324212e-01,2.555526111216927632e+00
3.559491770311293379e+00,3.123808560021840819e+00,1.147960550012994130e+00,6.131156669396832903e+00,1.767972943644786632e+00,1.873444711502771254e+00
3.410062395511744615e+00,3.648764298706819176e-01,8.137549461853325061e-01,9.604817622488561746e-01,2.212255266017338684e+00,6.105045607587446632e+00
7.744211315539883067e+00,1.862124383096444680e+00,5.525417665657594846e+00,6.097343606897897672e+00,3.895322165263497727e+00,1.013432338222992835e+00
6.101284599411165743e+00,1.441507889595714964e+00,2.594547637541103402e+00,1.360933335430714597e-01,1.130746876226724318e+00,4.874121247203252238e+00
1.402728403653355160e+00,2.491346377473703910e+00,4.963095329461849836e+00,3.731109926181751746e+00,9.334677311125824106e-01,5.351786161565990518e+00
5.557680053562249256e+00,2.941287217470462956e+00,4.942676124945686311e+00,5.013354328998711473e+00,4.957171759779813947e+00,3.291812322527365442e+00
7.383947642650763754e+00,1.448412018736354945e+00,4.382032141531412961e+00,1.892405919180576879e+00,4.277237988036040939e+00,3.046685304269964867e+00
5.609026572889121098e+00,1.351299983622952672e+00,1.757131812836549400e+00,1.902079880752743701e+00,3.495633470683926269e+00,5.037867973116238574e+00
1.277045625573398624e+00,8.362383572868083981e-01,4.823095652069942396e+00,5.614117642148411136e+00,3.674441838534919125e+00,2.608306178257669306e+00
5.428765189826081361e+00,4.825887371278871907e-01,1.901045768609780140e+00,2.546111483021836097e+00,5.909854865144795077e+00,5.830457276949409184e+00
3.528170352080730154e+00,1.047641781150987217e-01,4.028565873121118801e-01,9.610948287273424206e-01,3.605468212970071917e+00,3.984868315674275352e-01
7.395893176916086276e+00,9.020425976846944138e-01,4.765789328109063305e+00,7.775766716060662498e-01,3.655475093753660865e+00,6.697281801522856348e-01
4.502283803270808349e+00,3.117447636515457088e+00,4.977473511736202560e+00,2.522660363888621138e+00,5.807762819031827561e+00,4.022648340278824008e+00
4.582944012532738753e+00,1.379850322776535743e+00,5.771183594112383908e+00,2.586803600507078915e+00,5.043121170380936213e+00,2.260085788218591407e+00
4.682157451468544451e+00,9.815636808441107197e-01,9.966241387635110804e-01,2.686712548684978330e+00,2.033422564126038168e+00,2.162509934158685532e+00
3.116402359091868579e+00,1.234456254490813532e+00,3.986582351113698852e+00,2.162425685171323497e+00,1.790820159348424312e+00,5.887461908233872165e+00
1.181663885354095722e+00,1.430502310123761500e+00,4.072635125462676697e+00,4.422638026236946907e+00,1.084834868945506958e+00,1.802386242762086921e+00
1.924638326852324388e+00,3.071198385178852241e+00,6.273425834253460565e+00,4.119989235386706916e+00,2.438404451241440896e+00,1.924767888532711302e+00
1.342643699451339989e+00,1.444005015091114119e+00,8.242375458635132768e-01,1.881089222109364689e+00,3.753607117019801098e+00,2.776351334294701712e+00
7.058954716797097184e+00,1.327634672361224011e+00,4.255441930024341346e+00,3.879857401003578676e+00,5.075257918156309778e+00,3.382094378505017929e+00
5.519517590949650554e+00,5.845014010760997136e-01,4.101366301173908546e+00,5.410909163443438530e+00,5.428752750975526453e+00,3.551212805536390071e+00
7.314033093544781039e+00,3.092189223208536841e+00,2.707684640852591418e+00,2.063933208687670273e+00,1.393589199929741396e+00,5.834515112065089326e+00
7.562986489133630919e+00,1.948713084477464719e-01,5.070086436660691476e+00,1.758358575725148309e+00,3.786256956591665723e+00,6.190318711483705272e+00
4.914724652445448427e+00,3.695489802642441535e-01,4.483650032916773220e+00,9.655161634463623743e-01,2.951759841092989056e+00,2.258124543505139137e+00
1.804292235671668854e+00,2.085058771006973455e+00,5.759221231043321509e+00,2.152708654324733573e+00,5.861250083217805162e+00,2.806862317089021008e+00
1.153484681574780346e+00,9.068834301437098677e-01,3.778613860318697615e+00,1.105401459770585681e+00,4.503664725120903434e+00,1.194731383100798849e+00
4.061444343920673106e+00,2.935555604401857366e+00,3.796997101340989111e+00,4.275702468454528393e+00,4.470403503680044466e+00,2.779994525387899262e+00
2.175375432790788377e+00,4.257464870148163216e-01,3.572836272651480627e+00,3.639977538019274483e+00,2.630465855856866320e+00,5.951784481408433081e-01
4.859577553222617752e+00,4.550757090669668714e-01,3.967799169129587078e+00,1.266457431208020346e+00,2.973874636751525635e+00,5.546824574383372175e-01
2.272914041162977572e+00,1.320953365472765928e-01,8.154900896198641336e-01,8.105056724161245896e-01,2.959778212362159433e+00,4.628795853042274366e+00
2.911977559151008421e+00,1.992137092476785831e+00,3.972634697768419709e+00,5.015642101156285726e+00,2.051469967381902126e+00,3.132595645419801400e+00
2.201016090266712855e+00,2.871445557552306571e+00,1.867235724733730562e+00,1.772603878159828339e+00,4.415203306790099980e+00,1.200085190537119040e+00
7.689530170320193925e+00,1.509881245804010730e+00,3.127831850608256747e+00,1.154389400932477772e+00,5.154183849815057172e+00,2.933703645762084200e+00
4.691591728266617523e+00,2.854771369074355469e+00,4.986521987355728158e-01,3.708060721922662228e+00,4.993367527640964809e+00,3.949653786012626622e+00
3.781321293064797029e+00,1.633871195779966479e-01,3.477894656511120619e+00,3.527360866935855821e+00,2.901154232011136536e+00,1.609849649782350234e+00
4.767185123881457542e+00,1.568006753064621339e+00,4.421087263000335277e+00,3.772631119794891852e+00,5.752752737372325953e+00,4.372178195368111586e-01
1.659236260755392989e+00,9.107011603260252164e-01,4.558782006865660819e+00,4.173071389300319289e+00,1.976177068290488226e+00,7.561949109175891692e-01
3.623843778559630024e+00,2.851429549502239702e+00,3.859706685433115236e+00,2.002894701309954062e+00,4.878474546378813170e-01,5.228288806532654043e+00
5.069674007047911601e+00,2.811574163162622875e-01,1.385379746186911065e+00,3.919199761086830325e+00,4.936594150872176456e+00,4.356498970068758858e+00
6.660674544874981784e+00,1.415577089090714447e+00,9.794727132685100424e-01,2.572332258395029214e+00,3.483364271258481359e+00,6.161283515818673173e+00
1.820624265188147239e+00,1.553424377363066045e+00,2.221249536253148360e+00,2.761325350058715600e+00,1.297633307645139400e+00,1.117385954096288714e+00
2.462001699415361067e+00,3.405618455157946034e-01,4.307340485580955836e+00,4.459231369407365086e+00,1.642827529772912021e+00,4.839022710529005122e-01
7.243517941002060034e+00,2.071278656328930268e+00,5.831188570527107373e+00,3.963819271808627143e+00,1.471317997770163200e-01,4.973520023933066803e+00
4.288770452677034939e+00,1.882128771536927481e+00,2.024994943507938405e+00,1.362817230071516006e+00,3.544543219646235865e+00,1.961101056428120604e+00
6.326897730260591324e+00,2.001985615594884804e-01,5.032355136146717811e+00,6.468793099924732282e-01,6.188592572762082966e+00,8.177017684797168728e-01
2.967146839222518651e+00,2.420938313738597580e-01,8.739796558766292911e-01,5.799437426085936487e+00,3.002788070131260145e+00,1.688624284482299842e+00
4.743341151129353506e+00,2.912063878467898714e+00,3.982379309495525543e+00,5.611802687330080808e+00,5.888149565923431084e+00,5.755968420954260978e+00
4.364170818456600820e+00,2.075452295182750539e+00,5.832765246506822265e+00,2.051904730045830849e+00,6.247083724538144089e+00,2.684676309897157331e+00
6.921178484868676151e+00,1.579112634235852797e+00,5.047694539675810610e+00,5.748676064352944870e+00,4.994002351138511209e+00,1.150995593098645298e+00
2.905781737674642873e+00,1.104499942579945548e+00,3.506688834916834363e+00,2.081157207191435266e+00,2.585946990167833359e+00,6.160050240246716768e+00
1.646833899404903878e+00,1.835285495025375635e+00,1.507844074499675058e+00,4.696966856468584695e+00,3.080776824310719197e-01,4.666517002005951653e+00
2.677026150826842255e+00,2.696652567422386793e-01,1.182732382964899909e+00,4.688608312273288448e+00,8.444847614465325059e-01,3.424313608139587739e+00
6.694901418242168667e+00,1.427735808085127955e-01,1.812677074069922734e+00,4.599950275572598279e+00,2.944279731814305912e+00,1.606030445176229171e-02
7.811077473110207059e+00,6.897685002389775111e-02,2.452506517987738111e+00,6.278156059083114471e+00,2.161156788665030692e+00,1.546126024768369023e+00
1.758864844194476751e+00,3.096201406352316443e+00,3.962556577870163466e+00,5.680292952351154945e+00,4.737614438137721429e+00,4.251182952677641680e+00
5.966008234969818247e+00,3.990145308769575960e-01,1.995978493597712289e+00,1.585436909513762593e+00,2.639513989850891029e+00,5.267150974726447110e+00
2.650664236571406818e+00,3.126477063032428116e+00,1.135801012691849188e+00,1.819468670225621088e+00,5.031688060024859244e-01,8.395451206550531564e-01
3.620234107122502820e+00,2.567913132437719348e+00,1.499930860203988248e+00,4.487617628338316678e+00,4.822501012263553100e-01,3.188424033473081121e+00
1.811907692953340865e+00,2.754940527762731683e+00,3.502385507915893648e+00,3.829679974533361619e+00,2.126748626138955878e+00,3.951277433252097016e+00
7.486628291612705155e+00,4.432418635981227872e-01,5.068140753993963799e+00,1.814369765548055069e+00,5.902023985632602887e+00,2.137938228358690296e+00
7.645933883148329890e+00,2.686800572674814092e+00,4.560859233185229900e-01,4.917773494178070415e+00,3.493134476909624642e+00,4.611258102622992183e+00
2.159723571739030845e+00,1.452478630417394445e+00,5.202037947285661268e+00,5.730378505495166419e-02,1.255621653476038657e-01,2.958750143018369805e+00
3.409098016490976324e+00,1.403596707135573718e+00,6.042601932411983512e+00,2.541781423119138239e+00,2.310682261432392970e+00,3.770257488881105234e-01
3.507309270628345743e+00,1.193522039516477173e+00,5.331670974255540152e+00,3.664470736451264643e-01,5.022815692673825438e+00,2.186934746911858518e+00
5.663206115296489429e+00,3.094976879380050283e-01,1.441346567979050919e+00,4.152802530002474235e+00,4.572567110946951452e+00,5.001382638444957784e+00
3.990221824724878186e+00,1.762087925818390133e+00,2.728197307167251839e+00,4.498910374963649428e-01,1.763834838734249788e-01,2.938468520828236286e-01
3.070129165902197421e+00,7.864257030015436856e-01,2.982365078588317786e+00,6.274550158773318564e+00,4.530071104662435344e-01,3.398362643659921023e+00
5.346842217871168756e+00,2.544525196149301838e+00,5.665874662755523872e+00,1.654724114998415541e+00,4.103380371959659989e+00,1.372348933014653216e+00
4.061304700427412762e+00,6.932206778123764512e-02,2.282203733309942528e+00,5.371210858328455018e+00,4.667734825694267453e-01,5.361469914576403539e+00
5.774420966477268991e+00,1.672664000814881868e+00,6.153925940864789723e+00,8.192270221570003841e-01,1.646933812890367665e+00,2.871605611270686698e+00
7.555679490129318054e+00,1.773960171184901125e+00,6.160066483969045770e+00,4.081349819342595886e+00,4.268264219235945234e+00,5.741262126993810000e+00
2.250040962863143257e+00,1.091355573435082382e+00,4.292882112842601572e+00,1.031927096411405564e+00,5.477355166803195452e+00,1.450730280372155123e+00
3.222060691270195676e+00,3.079743139501370131e+00,4.573570773787087873e+00,2.388008836469216245e+00,1.965286689340937920e-01,3.421548200704943810e+00
7.298136191270631734e+00,1.394396005323910170e+00,3.614304505528846079e+00,5.138327391413990419e-01,5.811354186040728287e+00,7.116690479994542962e-01
3.434608084401993722e+00,9.973833143549885039e-01,4.195195862985355184e+00,2.067618691331710501e+00,5.451662515755421268e+00,3.334187575983830865e+00
7.203609514884346865e+00,2.413483179773128651e+00,2.184236609638080306e+00,3.187464426625240321e+00,4.076531704082293039e+00,1.794682041894727131e+00
5.692619405834680180e+00,5.959365229068515069e-01,8.535233807768134451e-01,5.720778331089424462e+00,2.221858013875233073e-01,1.320695613449102801e+00
3.727181690228479560e+00,1.285866298258156126e+00,1.151178118989392374e+00,2.197975319353288270e+00,3.665092119297718831e+00,3.254386115617896591e-01
3.100563169254223261e+00,5.806225337376137441e-01,6.488153956198271510e-01,6.149899299438419398e+00,5.243049208567439834e+00,3.213397998913797959e+00
3.869819423840601846e+00,2.737670800910792845e+00,4.258388759160867565e+00,8.507450553253164127e-01,1.469033140375825663e+00,4.020238967623128268e+00
3.138715214590007463e+00,1.523933267212381537e+00,1.983112582568282489e+00,5.389546508531839031e+00,8.025727773199650139e-01,4.176161294879486618e+00
4.539720702819264098e+00,7.717418674473101037e-01,4.447710986096775621e+00,1.030059780332700636e-03,4.532978241772662287e+00,4.935611601738765231e+00
5.268329151889263429e+00,1.938898425198306796e+00,6.618143185404244955e-01,3.545568456223145315e+00,6.378581636270614919e-01,5.366130662371300097e+00
6.292695044135552251e+00,6.868662318738167905e-01,4.741409815032938013e+00,3.234881623087785485e+00,4.984961825155157733e+00,3.793056759917795784e+00
4.093032450363715213e+00,6.391741319609128835e-01,3.461149144951582990e+00,2.489638109778587349e+00,2.027859651541914499e+00,4.047886057104667756e+00
3.829569735559859911e+00,1.050713059306767616e-01,5.428412497455937569e+00,4.115065112453406115e+00,2.004890496434418079e+00,4.253181104068356255e+00
3.670680795393439944e+00,2.504608458000483928e+00,4.231465479782349881e+00,5.619972590722473349e+00,4.466762233017556483e+00,4.270363739870119524e+00
7.641152700023765121e+00,1.298840417014761883e-01,4.825457183254425741e-01,1.546121799257152984e+00,5.750181018805925248e+00,3.309887600604163538e+00
7.444592343314679894e+00,2.553132228553626870e+00,1.753196146028598523e+00,2.394280383048257299e+00,4.004317975660221407e+00,3.661276770732257546e+00
4.564579517605033665e+00,2.710449112356070778e+00,2.882250761945390316e+00,4.891629971529666498e+00,1.275262058492017569e+00,5.208238107466546474e+00
1.327972437240174219e+00,1.441621689664657424e+00,5.847201841008444312e+00,3.037857627973793662e+00,1.714317998471660331e+00,1.935773184733535324e+00
6.828620696997221629e+00,2.873628550151841488e+00,5.838169396130525879e-01,2.017799956374418890e+00,1.457189770187426792e+00,3.062401461582636042e+00
4.388943750286515844e+00,2.944569780501291145e+00,1.382375334443488146e+00,8.856979975264541727e-01,3.073835778692562304e+00,4.596196426212909358e+00
1.383346734128019895e+00,1.151887948970322872e+00,2.930172621768851737e+00,2.415045386422880913e+00,3.669969319744225800e+00,1.522781635370448861e+00
7.827134534015918632e+00,1.134085183512931971e+00,1.259500002665942642e+00,9.748816013221127674e-01,6.019115662274052703e+00,1.825709711236769284e+00
3.086837542862540307e+00,1.585197992839555869e+00,6.079245674270638666e+00,4.795788883812901027e+00,1.098478907810354510e+00,5.995180924778668263e+00
6.025177518585701719e+00,3.969501795286529966e-02,6.172006067629367543e+00,1.485978888892939720e+00,3.537474888513783888e+00,3.057461132049438479e+00
3.031992355814147722e+00,2.953358586888464199e+00,1.112833855626235824e+00,2.425942233521885427e+00,5.730682983475543502e+00,2.741054200479942082e-01
5.346339025735530548e+00,3.005066399771932240e+00,4.041399846694535114e+00,2.467422724256977951e+00,5.902513992856789571e+00,2.608060274510060506e+00
6.868537891366631953e+00,2.516992904146025722e+00,5.639947732334000818e+00,2.180686103417969424e+00,3.167424464573706189e+00,5.173745127531041987e+00
1.195512199964837263e+00,3.137203343710967651e+00,2.224046946288471105e+00,2.258451538951554483e+00,1.916389817555974151e+00,1.629244640489848406e+00
4.779524917427131925e+00,3.561751461540869079e-01,2.142487114996561193e+00,5.651882539459410992e+00,5.215125744829821386e+00,5.790951648401764906e+00
1.998266115213779059e+00,2.695362152952810231e+00,5.180822584228926608e+00,3.755179572899632667e+00,2.596336087607305387e+00,3.409097338924317100e+00
3.478089766790855464e+00,6.663298056339029829e-01,5.361785582109791726e+00,3.814122843887457925e+00,3.098923349442240571e+00,1.709550253154852761e+00
6.198118523203422825e+00,2.036330115743276270e+00,5.891943774652778743e+00,5.085076095594533108e+00,4.583513770317051872e+00,1.800452278902951342e+00
3.189120812095588064e+00,6.882253844541885712e-01,3.375026108189167040e+00,1.350448332280044517e-01,1.525634800601027186e+00,4.556011496437360364e+00
4.699431802401870861e+00,1.194822838154824707e+00,5.637618719822834024e+00,2.360549901664959371e+00,4.837067339097707475e+00,5.931186289493503017e-01
1.726991297614383303e+00,1.884330642607174644e+00,1.441862057880242132e+00,1.234461039103229796e+00,5.421302839908010540e+00,3.717232901689206948e+00
3.416024202921324360e+00,2.204591548892891328e+00,6.270333917242597366e+00,4.066201757354853896e+00,5.201057988969489676e-01,3.952322368560710064e-01
5.805526180593133745e+00,2.936725111980536873e+00,5.792727573439466759e+00,2.973574146453616063e+00,2.368826847687151460e+00,5.335224309415959709e+00
4.560051906187894133e+00,2.452406345401062282e+00,5.101716214727025189e+00,5.203298898318239551e+00,5.476293540492095380e-01,8.632981519974559648e-01
3.367980299238430231e+00,1.746819990037240311e+00,5.637116977802358875e+00,2.562230645948795793e+00,3.216053489588829972e+00,1.562868102259759251e+00
2.982320754328350088e+00,2.998777034394074725e+00,6.741612453910503788e-01,4.180799219081590579e+00,5.637037166301900548e+00,4.851106507722803052e+00
5.911497663500522748e+00,4.510794780276022320e-01,1.583232509132676435e+00,3.936269155930458563e+00,1.950133625903878731e-01,3.206109591503957024e+00
3.607290663975618372e+00,2.750501366885590659e+00,5.436431621908402789e+00,3.031614915995868742e+00,5.299848618294930702e+00,2.204398465601005608e+00
6.454091722918042784e+00,2.672804471242793412e+00,1.735907177783123867e+00,2.327026399311118876e+00,4.149223114677350388e+00,1.026382119262253756e+00
3.808848475086751506e+00,2.409326989187955181e+00,2.812234401708975540e+00,4.500841295785133589e+00,1.748343437161911984e+00,3.595897004385404383e+00
7.674840494520859480e+00,2.329563513322165935e+00,3.890525078714643925e+00,4.256846922616858819e+00,9.050575422843708528e-01,1.069571198961933201e+00
5.277298743576173123e+00,2.338013399789905300e+00,4.024040562948004940e+00,5.514833805774962627e+00,5.169179942512743153e+00,5.623515665880340464e+00
5.395858671203377810e+00,2.161829341678344285e+00,4.214059696772645580e+00,2.838673338341203500e+00,2.364717964481249268e+00,2.394075389692672307e+00
6.052017421840967693e+00,2.736995385274273662e+00,2.282405543814700621e+00,5.829504883315511421e+00,6.002963541838171935e+00,5.433554665221669744e+00
1.995899174921960118e+00,5.768136935895702422e-01,4.460177194230613651e+00,7.608728585385589049e-01,1.974995595198002718e+00,8.030605762308304918e-01
5.837370858204594448e+00,2.351250704687661286e-01,2.220393427095404437e+00,4.971397545919437277e+00,5.896548911046594732e+00,2.945390458926005817e+00
4.899036611050036072e+00,1.055274636454030385e-01,5.855943456789026946e+00,5.720031399171432440e-01,1.705149244107918849e-01,5.184257911655804740e+00
4.086177250085182067e+00,1.957095457442171949e+00,1.421376776921775553e+00,2.365046543312478988e+00,6.255071094389775155e+00,1.701842203342782245e+00
6.354501038598416862e+00,9.498920701829171032e-01,4.705769665169770910e+00,5.002742531146275873e+00,1.301943372138276933e+00,5.503610459644205477e+00
6.672553332022107320e+00,2.815079428894215585e+00,2.285595142022376791e+00,6.064933448460536614e-01,2.246154200235563003e+00,2.188970810781083465e+00
2.746226640482546166e+00,2.270309404238772810e+00,3.822870120616113976e+00,8.789585739479136572e-01,3.396919760319422110e+00,4.492401632253135269e+00
3.789211137868664370e+00,8.899753472184314118e-01,9.528161786113473752e-01,2.378070669590134134e+00,3.113258456634580007e-01,5.362420019930218551e+00
3.598029584752001853e+00,3.075405556683527220e+00,2.668436525045436269e+00,7.405290740257298721e-01,5.007609513480191232e-01,3.114254510641354834e+00
4.787520338819328813e+00,2.056052176342638482e+00,3.245476609814805791e-01,8.889895116790917928e-01,4.838249127182743692e+00,5.554444155548758921e+00
4.556496554986118497e+00,2.478634929560788791e+00,4.093775664400488346e+00,5.323929653515446780e+00,3.592571451168312446e+00,2.666149058954757400e+00
6.771086638663884827e+00,2.708698485678409096e+00,5.220010501870543607e+00,4.221469908362023737e+00,4.924442443872976138e-01,1.957597668913301781e-01
2.734724685023800284e+00,7.160343495119275703e-01,4.967927963160160054e+00,2.330154806993246286e+00,7.526222839103381412e-01,2.540970660027684680e+00
1.031627897241332636e+00,2.276480850769960984e+00,4.815489766735388422e+00,4.258001743381242044e+00,4.970443304097865500e+00,3.006661321617014160e+00
1.373386402224866742e+00,2.803065235422500301e+00,2.499483662405642903e+00,5.043958637377408571e+00,1.506461051249514405e-01,4.104219471557009613e-01
5.234165849150008043e+00,9.529224902868836944e-01,6.258826903914878947e+00,2.818073213998771642e+00,1.121530947058196670e+00,3.591777803696192706e+00
5.243311127861797871e+00,1.531687883415747464e+00,1.530881753752840968e+00,8.321364020172997700e-01,4.095540236073320628e+00,2.831235813787511546e+00
7.382404866120652720e+00,2.507971101091390320e+00,2.615245274420837873e+00,1.615329141335194896e+00,6.008518168884737776e+00,2.963491127346819631e+00
4.525161663896619224e+00,1.732578641931553420e+00,4.774752805814050483e+00,8.845177573995264275e-01,3.215706633743323106e+00,1.446949746430918227e+00
3.368020315918104579e+00,3.845372071701135819e-01,5.983853894329314027e-01,3.198417260075356316e-01,2.275161260821117470e-01,1.826238145887147113e-01
5.883177862881622033e+00,9.871088441273410119e-01,4.885739959663389698e+00,1.390690681719570332e+00,8.300954193760776145e-02,6.649499477990101770e-01
4.479312534186838057e+00,2.316353010802984613e+00,5.403893610067065367e+00,6.075583713250859219e+00,5.166154599016991256e+00,1.821489598164697243e+00
2.061482388715098146e+00,6.400147055552282138e-01,3.735170802508231969e+00,1.912474109270702716e+00,9.935824663472824225e-01,4.899921007455900757e+00
6.935985536158201015e+00,1.109824810812599649e+00,4.167700365075291735e+00,6.081520028313619264e+00,3.222557617233472005e+00,4.258888263485258285e+00
7.023779156130153467e+00,2.479286624182449827e+00,5.515339518216730852e+00,3.078414529597561788e+00,6.167310575905445624e+00,3.022146904503316467e+00
1.638209009413955419e+00,3.070143259830060423e+00,3.044826808180584266e+00,4.225894283482013236e+00,3.988138225505107326e-01,5.863419175138647965e+00
4.707447088390548373e+00,1.339318976949989803e+00,6.119485438062985061e+00,1.778409461129869529e+00,1.418094610703202418e+00,2.099299423531343634e-01
1.697793347614215964e+00,1.470019422383968877e+00,2.074141484576134342e+00,2.794719418252817000e+00,5.841760028814224626e+00,3.365982908915035043e+00
2.932332053388861937e+00,1.143404240753025825e+00,2.046686257241213946e-01,6.003353552835294593e+00,1.479560645021250176e+00,1.428309508731553379e+00
1.331147322122867127e+00,1.342541297852949622e+00,1.832886708685951271e+00,5.561809922166745856e+00,3.896693596082753119e-01,2.220940301871768607e+00
6.898240090384364365e+00,2.392909315947851390e+00,6.214834439097824514e+00,1.158757327088481892e+00,4.599601437953998451e-01,5.091569176305720035e+00
5.847675443983208154e+00,1.194343759863464305e+00,5.401744197991496854e+00,4.829378459466486362e+00,1.942617828307261041e+00,5.500621496099855179e+00
4.718838411438285974e+00,9.888964036142741110e-01,4.748291604604659710e+00,3.923003811109505801e+00,1.881949452221569841e+00,3.028588969415784149e+00
5.294371087547596666e+00,3.091744218930015720e+00,1.822428747857414599e+00,2.952087448040948470e+00,2.036131125725007429e+00,5.871372108738131423e+00
6.715766190994339802e+00,4.823669548487334313e-01,1.309448089917523428e-01,1.914627344330888992e+00,4.376214116597183512e+00,4.348990005603693199e+00
6.843891048217750850e+00,2.371002749907804574e+00,9.738992516362754426e-01,1.556995661721185753e+00,2.179373287337014631e+00,3.773757240354486675e-01
6.827964745625339837e+00,2.848794314440377562e+00,3.039547890485617687e-01,5.112964913202962869e+00,2.353239198836830415e+00,1.592181620340838155e-01
3.314388825839046149e+00,3.825978821461283735e-02,4.533783758253067120e+00,2.310568487895480416e+00,2.245402688090032406e+00,1.927324889062174584e+00
5.932423442138398784e+00,2.263001949280464942e+00,5.626464219852915782e+00,8.481602403104189225e-01,5.016141884151481989e+00,9.256949215644694196e-01
6.019657942437673270e+00,8.867792541320308475e-01,5.764856066822396485e+00,3.369860716252401023e+00,5.158640134880831951e+00,1.919113053608111352e+00
6.136212966663419088e+00,2.162289636858823472e-01,5.357872154714994117e+00,2.702952556219231806e+00,2.607863149537042791e+00,3.585590779385666060e+00
2.875139235779237357e+00,4.797126557548043180e-01,5.521535156193798421e+00,5.542191495258957268e+00,2.728981566392990832e+00,1.246625424116569070e+00
5.044878802326381972e+00,6.386706220142412960e-01,4.310250621671369409e+00,1.443380390363760091e+00,5.247772799836006641e+00,4.523039930469798797e+00
2.022613114850252636e+00,2.260949869490421094e+00,4.488790373158132674e+00,1.792727200464621751e+00,3.633901554701046699e+00,4.103488264451185863e+00
1.034505092299877527e+00,1.029742526757882748e-01,6.263294685198137479e+00,3.223404733518093312e+00,6.082815532871673980e+00,4.674302314426539873e+00
1.212318421274989788e+00,1.804544530559153870e+00,7.338997112855978333e-01,3.301082004898631794e+00,5.247292162778346203e+00,6.191391225185108205e+00
4.329612520455636826e+00,2.262268679350639466e+00,8.371899659842078067e-01,6.080928604845200702e+00,1.120524619229557484e+00,2.004334133583761890e+00
5.981488312421635811e+00,1.852636478280598631e+00,4.007767751689323532e+00,5.175404753206721331e+00,5.362122630198808970e+00,2.225907918524781870e+00
5.002884533477210738e+00,3.014079454581368278e+00,3.765202611211913020e+00,2.523586995846755499e-01,5.135125096057022165e-02,6.166033734947045097e+00
1.923058157496152942e+00,2.305848351574193433e+00,5.540712871828936237e+00,3.993751190705586485e+00,3.598453243391168233e+00,1.001703473228180208e+00
2.547369060737758595e+00,1.559925897270010520e+00,1.843677021930909765e+00,5.279098312054687492e-01,2.874044459760207726e+00,6.228403526057517681e-01
7.063823937520663065e+00,1.128051145373180963e+00,1.308372614620810559e+00,2.107337945743873675e+00,1.375536632058181885e+00,2.996584136175937108e-01
3.763258682066487282e+00,4.033828303683537758e-02,1.365480800479601520e+00,1.146372332273227101e+00,4.068655885952992435e+00,1.880786647835523739e+00
4.990799573450872550e+00,2.570068489499903297e+00,4.507549910406313920e+00,3.905817091106706496e+00,1.043088707359349776e+00,1.046168328821672766e+00
1.432937868777684365e+00,1.050220637253088674e+00,2.469443536390341531e+00,5.960617764014625841e+00,5.306330471337989962e+00,4.292726164975976921e+00
6.905476732115651828e+00,1.763674181852204814e+00,3.763308036295429648e+00,5.307138904929714407e+00,3.685162945587933780e+00,3.418834116681638946e+00
3.817674286796215455e+00,6.324749740016027966e-01,1.888341102380638903e+00,1.202406360819581632e+00,3.317009689088959323e+00,5.074766877901055295e+00
5.485343916022537236e+00,2.583550203832053471e-01,3.454825627751586747e+00,4.812248302617974538e+00,3.196562816376899985e+00,4.059809545608068504e+00
4.328469086053917891e+00,1.428251739600303327e-01,3.282336320381467942e+00,6.043764930441416716e+00,5.868051843035950732e+00,2.310296689320483488e-01
5.712185760238906340e+00,9.580400970724544107e-01,6.112291426168196651e+00,5.473447505535947499e+00,3.293761742806234682e+00,4.092395426799252250e-02
7.267355026660460737e+00,2.825782742665171376e+00,1.256678793212506084e+00,4.919583207540568104e+00,5.114773911977070320e+00,2.129459813336193719e+00
7.889282255722723569e+00,2.773757629257467272e-01,2.617192057149252626e+00,4.947578275445925655e+00,2.338417758632582277e+00,4.668694735806805163e+00
5.617906893341748642e+00,2.090632741280626483e+00,6.174280607336646298e+00,5.727050940879299112e+00,5.550989091132987774e+00,1.160777255482719150e+00
3.525581461662232741e+00,1.308538302610459336e+00,3.884338971961622367e+00,2.371832844178947575e+00,3.721895804672852748e+00,6.213941319911544525e+00
4.210591642808469537e+00,2.966255966655736209e+00,5.550365952803718805e+00,5.717462553274351933e+00,2.460446116616020085e+00,4.516386223451828386e+00
1.140889993803240188e+00,4.654519079708323015e-01,1.733135966460379818e+00,4.148413228618951898e+00,1.325023124356763171e+00,1.660505597810586709e+00
5.956463569908944322e+00,1.949441868371200259e+00,7.439671517183272798e-01,1.402869600709439446e+00,5.541234202177402146e+00,5.860008234570535102e+00
7.152391553833436610e+00,7.492642994744664886e-01,5.949151700595879610e+00,6.102613682437524112e+00,1.232437499760503874e+00,1.202644896800766500e-01
7.894473012237700260e+00,2.966804639803657828e+00,9.076187819677299096e-02,6.979058404334969046e-01,3.149303238034176999e+00,2.276702540174500022e+00
2.441465967805318105e+00,1.265494333530274851e-01,4.846504510824414247e+00,5.548243806900830855e+00,2.856834531606023742e+00,1.669151048268493476e+00
5.342138963059665180e+00,1.480788749862645526e+00,4.438560368518801980e+00,3.225665994890161592e+00,5.961041847804883886e+00,2.581766445372169816e+00
1.907094280311205203e+00,2.068305403734957082e+00,1.043051765344914505e+00,3.728470963599877841e+00,9.577285767508315617e-01,2.612870313795583321e+00
1.492539450389394062e+00,1.953686012600538868e+00,2.876907990218807054e+00,2.194020480967651565e+00,4.982554392701890933e+00,5.078329606201941182e-01
5.367546199262045903e+00,7.532858681716942950e-01,4.569343805030348094e+00,5.950621259901049065e+00,4.516372158424568184e+00,4.088907227153695811e-01
4.735371819412136141e+00,5.129994756829295843e-01,5.332489568626117560e+00,2.814038468226678358e+00,2.040858054246397213e+00,1.412721205729316809e+00
2.324120182020021907e+00,1.155834964112442353e+00,7.657978038434019030e-01,1.732196332883212175e+00,4.455381867656871719e+00,2.006778592970696717e+00
1.576412542291862673e+00,6.265070367514108396e-01,1.148859335592058217e+00,9.466303256360435459e-01,5.801171233413462858e+00,5.843128632769851727e+00
2.134960118461685319e+00,2.385711604754291670e+00,4.275291334250392872e+00,6.083696679791023021e-01,6.017239691747206187e+00,2.360767399988151993e+00
6.789239867439037290e+00,8.859097667787417807e-01,4.368500181210273503e+00,5.228996031073549489e+00,3.230971812205563509e+00,4.303533075731277080e+00
2.575780702789352450e+00,1.958528437058912886e+00,4.356117233848754822e+00,4.495185635608038410e+00,5.168794739254069626e+00,8.970388734931361574e-01
1.902022878559557206e+00,2.225329820035886641e+00,2.440252083957561879e+00,4.331995029409054787e+00,1.055990949569785675e+00,3.234028369061332508e+00
4.697506941487380239e+00,4.091608938802427375e-01,5.612520902341847417e+00,5.312044585600038893e+00,8.051830244860579133e-02,3.715719146806324424e+00
5.752673179348317234e+00,2.437362869901304130e+00,3.472934891803496793e+00,5.854248523357219902e+00,5.252654428023544320e+00,1.332070882476829921e+00
2.052603389910092613e+00,1.016558012131177025e+00,2.486635401696410064e+00,3.678357389509799846e-01,5.258093459366282474e+00,5.424833075459563503e+00
7.255165712555363910e+00,5.991569502732180252e-01,2.452965554509383583e+00,1.018641952459488742e+00,3.198942780948403009e+00,3.433796275428280698e+00
4.252737134282517317e+00,1.587775003159862752e+00,2.970122188541939323e+00,9.102009820478607072e-01,8.200600835309874714e-01,5.102638308216418395e-01
1.875599367847338605e+00,1.442975478299949321e+00,2.106587694788450538e+00,2.908851543262232386e+00,3.583717316092814187e+00,3.282457600476113235e+00
1.422333368733474490e+00,2.418256536200473317e+00,3.808018130747532037e+00,5.629690279351031723e-01,5.131104690779082489e+00,3.886293232612612503e+00
6.675341461052829217e+00,2.027059656094623463e+00,9.679131823409348190e-01,5.621636238936337016e+00,5.815844927483436066e+00,5.901424145240162789e-01
3.911698464515840801e+00,7.624245932784219359e-01,3.496583455627742421e+00,3.714967755019120133e-01,6.069691361433449117e+00,5.068271216347020047e-01
7.160107811799244715e+00,3.004495447110134609e+00,3.066153191530317290e+00,1.143213896625672188e+00,4.292406061852299004e+00,2.166755809751220063e+00
2.125657631065410058e+00,3.056335430722251223e-01,1.978865992411554364e+00,1.335138187116813757e+00,5.751424716583286134e+00,2.419680004172406029e+00
6.790708137879065021e+00,2.761493092812512540e+00,1.165079413875933723e+00,3.235056111311538918e-01,2.489280665296200734e-01,1.796217611917688473e+00
2.250171924484929864e+00,1.998071163972148789e-01,2.207863711076812230e+00,1.739673794639248650e+00,5.730621183822750098e+00,7.232912001272534530e-01
2.006224334816583799e+00,2.292075900876702654e+00,1.066484119570190847e+00,5.648144900944497060e+00,2.297396290611522784e-01,5.380032281112583803e+00
6.320112529600225848e+00,3.718170275526067048e-01,1.727322601764036847e+00,1.691015767012707283e+00,1.691005699047577249e+00,9.323676508021788711e-01
4.699416151692171972e+00,2.666808383345574907e+00,1.833354562626400508e+00,5.298827242577356600e+00,1.615015169721026878e-01,1.657317478277240186e+00
1.166315406446396530e+00,4.972832161705686982e-01,1.213137990785232434e+00,2.969814967215812729e+00,5.538849165841518207e+00,5.113187074642416619e+00
3.091279452541232153e+00,1.922598911186597315e+00,1.289910312319103136e+00,3.628534056879721525e+00,4.358185439464346445e+00,5.747366491560033097e+00
6.159340744723373007e+00,1.465008813848667657e+00,5.212376657319881978e+00,8.343343795878025437e-01,5.379807774756258709e+00,2.615594838882319362e+00
3.770266431389673212e+00,2.679118512760270576e+00,6.066961572269360836e+00,3.244870868772069983e+00,1.712143982565259348e+00,5.927907885007780209e+00
4.073925721247297460e+00,2.273175617881162847e+00,3.863145442506266569e+00,3.279720319587470456e+00,3.305568058894019501e+00,2.249914144999209109e-01
4.267968021491654440e+00,1.904145725900821651e+00,4.215792189183463989e+00,1.097900019143840611e+00,4.560776366845499474e+00,2.562806109702429058e+00
5.837598709775024375e+00,2.768544193219240501e+00,1.094280486208986769e+00,4.205635458954021466e+00,2.872034796923500277e+00,1.634432581259944728e+00
4.832822112686184113e+00,3.034629698967131972e+00,5.942217062574528086e+00,4.476454648743477982e+00,2.357468434157236892e-01,1.040633219358920725e+00
4.954049557847015173e+00,2.826293265968940815e+00,1.163336059804461753e+00,1.271561149023103354e+00,5.350901663797003494e+00,2.713598532939384356e+00
7.052208386214220859e+00,1.969302286770423793e-01,5.106745616980026270e+00,2.265566450283574174e+00,1.180822639575144217e+00,1.397654973800275036e+00
6.169572882411340942e+00,3.049313476754168750e+00,2.173406810387402466e+00,4.763753792489478833e+00,7.294591430333585702e-01,1.506528337433707065e+00
2.427867806841655707e+00,9.916841841903516475e-01,2.584907393103108131e+00,3.678733799912125679e+00,5.051093185190326018e+00,4.165671957613571230e+00
6.214888153300323737e+00,9.884842277598528959e-01,2.653696923361061444e+00,1.605326839798688177e+00,2.171326666362081603e+00,5.783157328495244442e+00
7.277165390049330718e+00,2.322527279998531036e+00,3.316551017921684608e+00,2.374556970936237299e+00,3.463085822360540078e+00,6.635495805988982365e-01
4.664046303946030037e+00,1.158284221167921735e-01,5.447924893130115187e+00,4.994681413930015523e+00,9.636937933880517226e-01,4.338420283757877804e+00
3.711285992090934904e+00,7.295864237476133371e-04,2.226168184169269537e+00,5.785486344420688987e+00,3.475304016663256501e+00,5.269157181248351307e+00
6.781129100439685864e+00,1.081497903790334114e-01,4.885203609384871637e-01,1.901208140703438909e+00,2.203373831375272651e+00,4.936934534082610959e+00
5.966550795716461408e+00,1.259860247000142319e+00,1.379232336837658834e-01,3.537555884741599765e+00,6.115354364047149716e+00,9.799615146265673593e-02
1.185277999904902568e+00,1.507673814187199035e+00,3.151687864447256793e+00,2.112807072147346588e-01,1.480997744675670580e+00,1.252304426637489199e+00
6.581625073665879455e+00,2.266027397770146834e+00,1.849153028338816895e+00,4.822956371092126382e+00,1.993395851657129514e+00,3.198379881817028814e+00
1.512482877445610052e+00,4.738089835534135541e-01,5.211868203358679397e-01,1.464269649508346482e+00,8.402667469672925327e-01,2.653985835621460954e+00
5.718917503308398764e+00,1.336817775311766598e-01,5.526481993172841278e+00,4.305004068957522634e+00,5.148159672059588132e+00,3.598175512595137349e+00
5.632334250673712184e+00,2.373840899231108637e+00,4.750337755834988407e+00,3.865641844103950397e+00,2.180755995954685389e+00,5.693560733689851938e-01
5.547468939483394479e+00,2.594964588452778331e-01,5.111304966719825593e+00,2.775287695078955785e+00,6.201127647674844034e+00,5.447170341519630199e+00
7.760717566798685851e+00,8.779831322832787333e-01,2.375864492113117343e+00,6.107707571954335002e+00,5.482355036871012999e+00,5.793944869425682320e+00
3.737387821812172994e+00,2.874699680916978473e+00,5.021953383804045323e+00,3.915330886923611420e+00,4.446518117493264199e+00,3.767717154440361149e+00
5.153051092452524351e+00,7.611145114219854957e-01,1.971279177885903788e+00,4.335715139372141813e+00,3.857323307621824959e-01,4.191707391717100606e+00
3.549957069491155526e+00,3.500497605149516245e-01,4.499652215880976414e+00,2.294292650389643029e+00,3.129739780308198327e+00,1.540742674602692874e+00
4.770289537075965036e+00,9.605740495993559946e-01,2.286998359351163579e+00,1.101208110663091322e+00,1.517330744576439905e+00,2.547602164982353479e+00
6.718230940326947120e+00,1.020859304126486844e+00,1.818825251328441750e+00,4.568716553619474929e+00,1.652840075120963981e+00,5.746611523534219668e-01
3.855433461417764995e+00,2.786476512456287136e+00,5.333752301924402417e+00,7.604572326493996837e-01,1.621758612592705040e+00,3.782169903597123017e+00
7.819995428254999936e+00,2.105501645821204193e-01,6.206902642743612475e+00,3.067797647729293975e-01,2.550991418187567472e+00,6.250615499585464363e+00
2.103046143283346936e+00,6.073331198113066653e-01,4.601557124792530762e-01,4.736232781806733461e-01,2.835060238502011387e+00,1.595579652890283029e+00
5.362621215130803698e+00,3.012329009136017088e+00,3.586325431937187780e+00,1.242833061355408164e+00,5.926574433576222489e+00,1.480756539780223369e+00
2.804210001147508624e+00,1.125488754014364989e+00,2.484197794793308489e+00,1.585712197695346770e+00,4.551513163771218728e+00,9.965159952138402666e-01
1.229518930991867931e+00,1.257033657972905560e+00,3.138666415455606540e+00,3.201526652898986636e-01,3.300572475981383924e+00,3.522826063399514762e+00
1.497095512394702732e+00,2.764659252820744761e+00,5.984312290104745635e+00,6.206359584529382190e+00,4.670211136370490124e+00,7.137370763153839670e-01
4.187541490740962935e+00,6.347849671617729062e-01,2.873376869534204570e+00,1.673854044872164826e+00,2.110912301759454657e+00,5.937069847617952867e+00
2.357121019600419753e+00,6.555440026116157171e-01,3.437479285426745079e+00,2.384425990717652599e+00,3.103264293428992016e+00,1.718810886252500891e+00
5.604916550038771206e+00,2.628778701481165325e-01,4.295216938171466659e+00,1.522643536328415426e+00,4.195795416296747682e+00,2.373476423117373724e+00
4.432037000064558363e+00,3.115655970739008129e+00,3.820456004326693300e-01,3.433933617762708890e-01,6.225820991434057206e+00,3.477247558420256457e+00
3.963423444365156811e+00,2.687766947960652519e+00,5.260752636871656840e+00,7.374735442171812538e-01,2.759994460522126936e+00,3.584315464334475010e+00
5.823883122592710571e+00,1.300755372870191495e+00,4.680164307915667621e+00,3.998719300588235992e+00,4.645669549095648776e+00,1.097535139701928841e+00
6.834812747710069303e+00,1.117047051819804349e+00,6.251445327719328482e+00,4.533322302451098906e+00,8.710550165523744948e-01,1.170586926687872120e+00
7.809524671949628960e+00,3.012516650907598681e+00,4.513982797408170100e+00,4.041642127302143450e+00,2.846197492054159728e+00,2.933462625560191439e-01
1.638218186508194174e+00,2.173807560441159303e+00,5.848898404781741611e+00,4.062968396685055161e+00,5.754058145761105969e+00,6.273540757739750617e+00
4.644086785280192586e+00,2.373178482546611345e+00,2.058888055179058263e+00,2.775079401605331952e+00,4.943026003528762757e+00,1.430583997064252655e+00
3.837146952298525981e+00,2.257489226850852848e+00,4.752817496669624830e+00,2.175066251304311304e+00,5.760185208142660329e+00,4.899682061321912196e-01
1.738981297699801587e+00,1.550688148748322615e+00,4.957281851113235049e+00,2.938490090439936253e+00,1.962540650467592407e+00,8.394024461177583829e-01
7.219419434820734338e+00,2.601177296329430177e+00,2.983173852793776781e+00,8.363723781882527186e-01,1.665756610901849344e+00,1.933033903424557609e+00
1.702027320531155574e+00,2.489990597662495642e+00,1.208972770353647253e+00,2.381733299082476663e+00,3.215859227465922121e+00,1.202419938923621201e+00
1.030288343696971420e+00,2.288999573566220747e+00,2.919934411172349087e-01,8.764697313247119537e-01,5.915303999011157110e+00,6.173839046092665761e+00
6.198692231783630824e+00,2.657672915320249185e+00,4.757018774293015895e+00,4.838761416852061181e+00,6.718850634686767131e-01,4.113706650258391662e+00
5.180565414646344458e+00,1.794060584414338688e+00,4.727596276282004517e+00,3.567862785027203998e+00,5.886375832342389813e+00,2.380079678354231731e+00
4.186197488738745420e+00,2.832722567218845633e+00,5.751584748705040440e+00,5.480012110992474206e+00,4.094513615873770718e+00,5.095173665177739508e+00
3.018294389434445613e+00,2.671222944924218634e+00,4.926069792884754328e+00,2.649638668414545650e-01,4.813805143346892024e+00,5.165625620910141436e+00
2.410719576789775775e+00,1.362657848655161708e+00,5.632471245775116486e+00,5.109515394190050408e+00,2.018051389025350417e+00,6.013747183153369313e+00
1.668870969660179560e+00,2.611748143311647397e-01,3.597000617817033508e+00,5.250468834450270350e+00,3.635042654415782115e-01,2.998073914123548622e+00
3.503244854572061584e+00,9.962519688319299016e-01,2.648936637221900980e+00,2.013979167583570984e+00,4.694200367148324560e+00,5.275557117199152657e+00
4.440068079207692975e+00,2.105260763763278309e+00,5.566027413211747543e+00,5.047027550955520248e+00,4.840369090228430204e-01,5.402838825258173827e+00
6.253120027320866470e+00,6.528587558417285885e-01,4.079482601683496412e+00,5.217913271162475830e+00,2.844141697724658080e+00,1.431708385465213063e+00
6.089220793800845577e+00,2.832712650172481528e+00,6.279298454390194184e-01,4.673275497731504302e+00,1.652868062239271296e+00,9.386481509779562304e-02
4.586184618807894076e+00,8.307478417044823760e-02,6.232945092815785237e+00,1.530847117643083566e+00,2.983795235837876536e+00,4.752720430928136786e+00
1.476099135410545271e+00,4.761903058722281035e-01,1.453350168919391283e+00,2.850429329529312827e+00,5.993575371888615777e+00,5.227018370374051592e+00
4.529593992209092868e+00,2.558374303319800980e+00,1.422117364506056747e+00,6.240207359241982665e+00,3.577725351000628606e+00,2.068089996232687522e+00
3.038153095928118663e+00,2.159033637976247810e+00,3.149413771316865507e+00,9.595366586028461790e-04,1.569262112128619435e+00,1.242774473933905499e+00
5.793426068590393108e+00,2.711447787942364851e+00,5.767379485452473808e+00,5.441449327316970397e+00,1.639424139446111095e+00,3.197944078424885817e+00
6.269252448441320347e+00,1.700327640884218727e+00,5.835946616374639184e+00,3.443217497847494979e+00,1.657607118063339602e+00,1.734902517103554365e+00
1.996763221593240489e+00,2.399063265307300075e+00,5.992726126064811254e+00,1.754824109091586593e+00,3.216897012083803631e+00,3.716705706406241649e+00
