-1.124600000000000044e+00,1.307299999999999907e+00,8.579999999999999849e-01
3.173299999999999788e+00,3.432000000000000051e-01,2.263000000000000012e-01
-3.778000000000000247e-01,1.807900000000000063e+00,2.286000000000000032e+00
-6.987999999999999767e-01,3.793000000000000260e-01,-2.240999999999999936e-01
1.634700000000000042e+00,9.658999999999999808e-01,1.823800000000000088e+00
-3.315199999999999925e+00,8.951000000000000068e-01,4.434000000000000163e-01
2.134100000000000108e+00,4.884999999999999898e-01,4.067999999999999949e-01
-1.748199999999999976e+00,1.108899999999999997e+00,4.339000000000000079e-01
-2.158999999999999808e+00,3.897999999999999798e-01,1.220499999999999918e+00
8.142000000000000348e-01,6.069999999999999701e-02,1.297700000000000076e+00
-8.618000000000000105e-01,-6.647999999999999465e-01,1.066599999999999993e+00
2.731999999999999984e-01,-6.000000000000000125e-03,1.164500000000000091e+00
1.826300000000000034e+00,1.066000000000000059e+00,1.782899999999999929e+00
-1.916500000000000092e+00,-1.487900000000000000e+00,4.435999999999999943e-01
-2.006699999999999928e+00,1.931100000000000039e+00,7.112000000000000544e-01
9.000000000000000000e+00,9.000000000000000000e+00,9.000000000000000000e+00
-6.079999999999999988e-02,3.624999999999999889e-01,9.534000000000000252e-01
-3.497199999999999864e+00,1.551700000000000079e+00,1.330799999999999983e+00
-4.719999999999999890e-02,2.829999999999999738e-01,3.633100000000000218e+00
6.114000000000000545e-01,-1.965000000000000080e-01,9.076999999999999513e-01
-1.285199999999999898e+00,6.663999999999999924e-01,-2.250999999999999945e-01
-1.177999999999999936e+00,-6.733000000000000096e-01,-2.760000000000000231e-01
-2.120000000000000009e-02,2.652800000000000047e+00,3.500000000000000333e-02
-3.171699999999999964e+00,-1.187000000000000000e-01,7.745999999999999552e-01
1.122400000000000064e+00,2.752200000000000202e+00,1.168800000000000061e+00
1.030899999999999928e+00,2.678500000000000103e+00,1.228499999999999925e+00
1.641599999999999948e+00,1.124400000000000066e+00,2.374099999999999877e+00
-8.665000000000000480e-01,-6.139000000000000012e-01,1.083599999999999897e+00
2.372399999999999842e+00,2.513399999999999856e+00,5.737999999999999767e-01
2.366699999999999804e+00,1.634100000000000108e+00,2.118100000000000094e+00
2.386999999999999955e-01,-9.985000000000000542e-01,1.168199999999999905e+00
2.699100000000000055e+00,1.648400000000000087e+00,1.274100000000000010e+00
-2.593300000000000161e+00,4.965999999999999859e-01,1.646300000000000097e+00
1.073499999999999899e+00,5.313999999999999835e-01,4.707999999999999963e-01
-2.362699999999999800e+00,-3.578999999999999959e-01,2.620000000000000107e-01
-1.252499999999999947e+00,-9.191000000000000281e-01,-2.696000000000000063e-01
5.292999999999999927e-01,1.577800000000000091e+00,3.228699999999999903e+00
1.028999999999999915e+00,-1.281199999999999894e+00,-1.532999999999999918e-01
-6.216000000000000414e-01,-1.794599999999999973e+00,-1.094999999999999973e+00
-8.126999999999999780e-01,-9.141000000000000236e-01,1.025600000000000067e+00
2.768400000000000194e+00,6.973000000000000309e-01,1.738099999999999978e+00
2.750199999999999978e+00,1.253600000000000048e+00,2.061500000000000110e+00
8.500999999999999668e-01,3.790999999999999925e-01,2.577999999999999736e-01
-2.144000000000000072e-01,2.108499999999999819e+00,4.595000000000000195e-01
1.155699999999999950e+00,2.502400000000000180e+00,1.376100000000000101e+00
-1.086500000000000021e+00,1.740199999999999969e+00,-4.581000000000000072e-01
6.998999999999999666e-01,2.390899999999999803e+00,2.256200000000000205e+00
8.390000000000000235e-02,5.018000000000000238e-01,3.132099999999999884e+00
2.309299999999999908e+00,1.293999999999999873e-01,2.200400000000000134e+00
-7.981000000000000316e-01,1.210900000000000087e+00,3.819999999999999785e-02
-1.558000000000000052e+00,-1.533099999999999907e+00,9.277999999999999581e-01
3.652899999999999814e+00,1.532599999999999962e+00,8.140000000000000013e-02
1.407499999999999973e+00,8.108999999999999542e-01,3.063699999999999868e+00
5.264999999999999680e-01,1.701899999999999968e+00,2.320800000000000196e+00
-7.872999999999999998e-01,1.907200000000000006e+00,1.541900000000000048e+00
-3.120499999999999829e+00,5.485999999999999766e-01,4.796000000000000263e-01
-4.235999999999999766e-01,7.115000000000000213e-01,-1.885000000000000009e-01
1.729899999999999993e+00,2.520500000000000185e+00,5.786999999999999922e-01
-1.254699999999999926e+00,2.476100000000000190e+00,8.823999999999999622e-01
-1.104000000000000092e+00,2.111800000000000122e+00,1.440299999999999914e+00
-3.961999999999999966e-01,3.013000000000000123e-01,3.542800000000000171e+00
-2.392199999999999882e+00,1.076500000000000012e+00,1.665399999999999991e+00
3.540000000000000091e-02,2.041300000000000114e+00,-1.176600000000000090e+00
5.208000000000000407e-01,4.470000000000000084e-01,1.092400000000000038e+00
-3.711999999999999744e-01,-8.817000000000000393e-01,2.944999999999999840e-01
6.771000000000000352e-01,1.373799999999999910e+00,2.052500000000000213e+00
-1.136900000000000022e+00,-5.845000000000000195e-01,6.826999999999999735e-01
-2.548900000000000166e+00,1.311299999999999910e+00,1.301099999999999923e+00
6.199999999999999782e-03,2.156699999999999839e+00,-1.577999999999999958e-01
-7.272999999999999465e-01,-1.118999999999999995e+00,1.878900000000000015e+00
-2.754900000000000126e+00,1.187799999999999967e+00,1.610000000000000042e-01
-1.613399999999999945e+00,3.055600000000000094e+00,9.811999999999999611e-01
7.195000000000000284e-01,2.090100000000000069e+00,2.195000000000000007e-01
9.135999999999999677e-01,-1.481000000000000094e-01,2.141000000000000125e-01
-1.208199999999999941e+00,3.367799999999999905e+00,-1.047000000000000014e-01
-5.387999999999999456e-01,-8.690999999999999837e-01,8.248999999999999666e-01
2.386000000000000121e+00,2.325000000000000122e-01,1.175799999999999956e+00
7.124000000000000332e-01,5.646999999999999797e-01,1.021600000000000064e+00
1.441000000000000059e+00,1.556499999999999995e+00,2.061500000000000110e+00
-1.917100000000000026e+00,2.342299999999999827e+00,1.597599999999999909e+00
-1.973000000000000087e+00,1.334400000000000031e+00,2.557399999999999896e+00
-3.165999999999999925e-01,9.839999999999999858e-01,3.254700000000000149e+00
-1.712599999999999900e+00,-1.422099999999999920e+00,1.166099999999999914e+00
-8.401999999999999469e-01,1.830000000000000029e-02,1.181699999999999973e+00
-2.614900000000000002e+00,-3.410000000000000253e-01,1.881299999999999972e+00
2.205999999999999961e+00,1.577900000000000080e+00,6.705999999999999739e-01
9.150000000000000355e-01,6.077000000000000179e-01,2.819500000000000117e+00
1.688199999999999923e+00,2.485899999999999999e+00,1.834999999999999964e+00
1.358999999999999930e-01,6.519000000000000350e-01,5.993000000000000549e-01
-4.148000000000000020e-01,2.157000000000000028e-01,-2.560000000000000123e-02
-3.423999999999999932e+00,6.289000000000000146e-01,3.265000000000000124e-01
-1.184600000000000097e+00,-7.991000000000000325e-01,7.511999999999999789e-01
-6.841000000000000414e-01,2.255399999999999849e+00,2.528399999999999981e+00
-2.417600000000000193e+00,1.581199999999999939e+00,7.531999999999999806e-01
-1.196499999999999897e+00,2.404700000000000060e+00,9.590999999999999526e-01
-2.178900000000000059e+00,1.686600000000000099e+00,2.314000000000000057e+00
-1.467100000000000071e+00,1.458800000000000097e+00,1.328500000000000014e+00
1.987200000000000077e+00,4.833000000000000074e-01,7.188999999999999835e-01
-3.024099999999999788e+00,6.049999999999999822e-02,-3.368999999999999773e-01
-1.163899999999999935e+00,6.092999999999999527e-01,2.762599999999999945e+00
2.336800000000000210e+00,2.379599999999999937e+00,9.510999999999999455e-01
-1.068000000000000060e-01,2.521599999999999842e+00,1.792200000000000015e+00
-1.628100000000000103e+00,9.445999999999999952e-01,3.200000000000000067e-01
1.119499999999999940e+00,1.772699999999999942e+00,3.285000000000000142e-01
-1.060999999999999943e+00,1.898400000000000087e+00,1.347800000000000109e+00
-2.438499999999999890e+00,2.536500000000000199e+00,1.193200000000000038e+00
5.377999999999999448e-01,1.458199999999999941e+00,4.429999999999999910e-02
2.383700000000000152e+00,2.837299999999999933e+00,4.601000000000000090e-01
-1.586600000000000010e+00,-2.093000000000000138e-01,1.174800000000000066e+00
-2.007899999999999796e+00,7.419000000000000039e-01,5.684000000000000163e-01
-7.277000000000000135e-01,-9.689999999999999725e-01,-1.693999999999999950e-01
5.466999999999999638e-01,2.387900000000000134e+00,1.400199999999999889e+00
-2.301999999999999880e-01,9.674000000000000377e-01,2.265600000000000058e+00
-6.372999999999999776e-01,5.977999999999999980e-01,1.754599999999999937e+00
-1.239000000000000101e+00,-1.250000000000000069e-02,1.436000000000000054e-01
-1.415999999999999925e+00,-1.192900000000000071e+00,1.273099999999999898e+00
-2.525700000000000056e+00,1.167699999999999960e+00,2.291500000000000092e+00
-1.191999999999999948e+00,-8.687000000000000277e-01,1.474900000000000100e+00
1.314699999999999980e+00,-8.527000000000000135e-01,1.311299999999999910e+00
-1.799999999999999951e-03,3.322999999999999843e-01,2.270000000000000143e-02
-2.524999999999999911e+00,-7.580999999999999961e-01,-1.890000000000000013e-01
-9.499999999999999556e-01,2.051499999999999879e+00,5.470000000000000417e-01
4.883000000000000118e-01,1.629199999999999982e+00,2.799599999999999866e+00
-1.869999999999999996e-01,7.845999999999999641e-01,3.282999999999999807e-01
-2.565700000000000092e+00,9.401000000000000467e-01,1.374600000000000044e+00
-1.351599999999999913e+00,1.888600000000000056e+00,-2.811000000000000165e-01
-9.920999999999999819e-01,-8.529999999999999805e-01,1.381699999999999928e+00
2.834999999999999742e-01,1.797900000000000054e+00,2.602399999999999824e+00
-2.693099999999999827e+00,4.230999999999999761e-01,1.522299999999999986e+00
-1.054000000000000048e+00,1.300300000000000011e+00,-3.489999999999999769e-01
-2.139100000000000001e+00,-4.047999999999999932e-01,-1.828799999999999981e+00
-2.092999999999999972e+00,2.471999999999999975e+00,1.259300000000000086e+00
3.110999999999999877e-01,-1.748299999999999965e+00,-4.556999999999999940e-01
-1.153000000000000025e+00,2.045300000000000118e+00,1.014000000000000012e+00
-1.473999999999999977e+00,6.626999999999999558e-01,2.238399999999999945e+00
-3.726100000000000190e+00,8.862999999999999767e-01,8.910000000000000142e-01
-3.239199999999999857e+00,1.432700000000000085e+00,1.371499999999999941e+00
-2.544599999999999973e+00,1.396800000000000042e+00,1.639199999999999990e+00
3.034000000000000030e-01,-1.157499999999999973e+00,9.536000000000000032e-01
-1.721200000000000063e+00,1.364600000000000035e+00,2.591200000000000170e+00
-1.443999999999999950e+00,7.224000000000000421e-01,1.123299999999999965e+00
-4.208999999999999964e-01,1.220199999999999951e+00,7.778000000000000469e-01
4.626000000000000112e-01,8.736000000000000432e-01,1.392099999999999893e+00
-7.038999999999999702e-01,5.426999999999999602e-01,3.018899999999999917e+00
-2.636999999999999900e-01,-4.010000000000000231e-01,1.229200000000000070e+00
-2.137300000000000200e+00,1.032499999999999973e+00,1.883000000000000007e+00
-3.074399999999999800e+00,1.440299999999999914e+00,1.429100000000000037e+00
1.265300000000000091e+00,2.716899999999999871e+00,1.858700000000000019e+00
-7.276000000000000245e-01,8.699999999999999400e-02,2.582699999999999996e+00
-1.412900000000000045e+00,1.933899999999999952e+00,6.384999999999999565e-01
7.922000000000000153e-01,1.473600000000000021e+00,1.877099999999999991e+00
-7.028999999999999693e-01,2.390099999999999891e+00,1.283900000000000041e+00
-6.400000000000000307e-03,-7.662999999999999812e-01,7.658000000000000362e-01
-2.574600000000000222e+00,3.396000000000000130e-01,2.046100000000000030e+00
-1.160600000000000076e+00,1.586600000000000010e+00,3.072200000000000042e+00
-8.666000000000000369e-01,-1.373000000000000054e-01,4.283000000000000140e-01
-2.346600000000000019e+00,6.398000000000000353e-01,2.686300000000000132e+00
5.957000000000000073e-01,3.144200000000000106e+00,6.913000000000000256e-01
9.000000000000000000e+00,9.000000000000000000e+00,9.000000000000000000e+00
-7.399999999999999634e-02,2.091000000000000192e+00,2.445699999999999985e+00
-2.398400000000000087e+00,1.331700000000000106e+00,1.428999999999999992e-01
-9.981999999999999762e-01,1.528299999999999992e+00,1.862300000000000066e+00
1.798100000000000032e+00,5.003999999999999559e-01,-5.592000000000000304e-01
1.512699999999999934e+00,-8.877000000000000446e-01,3.119999999999999857e-02
6.429999999999999605e-02,8.183000000000000274e-01,4.580000000000000043e-02
-5.092999999999999750e-01,-2.139999999999999888e-02,3.855999999999999983e-01
-3.393699999999999939e+00,7.322999999999999510e-01,9.606000000000000094e-01
-1.301800000000000068e+00,2.023600000000000065e+00,1.243900000000000006e+00
-2.780699999999999950e+00,1.290399999999999991e+00,1.617599999999999927e+00
-6.048000000000000043e-01,2.260999999999999954e-01,3.479999999999999982e+00
2.135400000000000187e+00,1.362800000000000011e+00,6.352999999999999758e-01
1.382200000000000095e+00,1.587800000000000100e+00,1.411699999999999955e+00
-9.534000000000000252e-01,-2.305000000000000104e-01,6.949999999999999512e-01
-1.732900000000000107e+00,1.581299999999999928e+00,1.172500000000000098e+00
-9.667000000000000037e-01,2.177000000000000046e-01,3.283199999999999896e+00
1.058100000000000041e+00,5.181999999999999940e-01,3.295100000000000140e+00
6.012999999999999456e-01,2.361600000000000144e+00,4.410000000000000031e-02
-1.220000000000000077e-02,5.063999999999999613e-01,1.772399999999999975e+00
-2.109900000000000109e+00,2.119699999999999918e+00,1.727500000000000036e+00
3.296000000000000041e-01,1.010399999999999965e+00,2.650599999999999845e+00
1.572400000000000020e+00,9.716000000000000192e-01,2.393499999999999961e+00
2.192000000000000060e-01,2.247300000000000075e+00,-5.878999999999999782e-01
1.738399999999999945e+00,-7.989999999999999880e-02,2.976199999999999957e+00
1.536000000000000032e+00,1.276599999999999957e+00,1.921399999999999997e+00
-1.139299999999999979e+00,3.919000000000000261e-01,1.536000000000000032e+00
1.679499999999999993e+00,2.887999999999999901e+00,8.971000000000000085e-01
-1.189500000000000002e+00,2.181000000000000050e+00,2.498600000000000154e+00
1.146999999999999964e-01,2.248999999999999888e-01,1.299999999999999940e-03
-7.983999999999999986e-01,2.066999999999999948e-01,2.617799999999999905e+00
-4.323500000000000121e+00,1.828999999999999959e+00,-1.229999999999999982e-01
1.502299999999999969e+00,5.351000000000000201e-01,8.310999999999999499e-01
-1.769300000000000095e+00,1.169799999999999951e+00,2.119200000000000195e+00
-8.269999999999999574e-02,-5.469999999999999862e-02,3.701999999999999735e-01
-9.779999999999999805e-01,3.625999999999999779e-01,-4.680000000000000271e-01
6.523999999999999799e-01,2.295999999999999819e+00,1.544200000000000017e+00
-1.812100000000000044e+00,7.572999999999999732e-01,-2.750000000000000222e-01
7.279999999999999805e-01,2.022800000000000153e+00,2.028200000000000003e+00
2.194500000000000117e+00,2.219300000000000050e+00,6.202999999999999625e-01
1.890200000000000102e+00,5.621000000000000441e-01,1.243800000000000017e+00
7.795999999999999597e-01,1.559800000000000075e+00,2.746399999999999952e+00
7.801000000000000156e-01,-2.249999999999999917e-02,4.077000000000000068e-01
3.852999999999999758e-01,1.160999999999999949e-01,2.866499999999999826e+00
-1.503100000000000103e+00,1.107000000000000067e-01,2.624000000000000221e-01
1.855199999999999960e+00,2.687300000000000022e+00,-8.269999999999999574e-02
2.602999999999999758e-01,1.952099999999999946e+00,2.408999999999999808e+00
-1.305700000000000083e+00,7.003000000000000336e-01,1.625099999999999989e+00
-1.156900000000000039e+00,2.549799999999999844e+00,1.876400000000000068e+00
9.086999999999999522e-01,1.248199999999999976e+00,2.306799999999999962e+00
-1.608999999999999986e+00,-4.666000000000000147e-01,3.773000000000000242e-01
1.527199999999999891e+00,1.206900000000000084e+00,1.554599999999999982e+00
-6.524999999999999689e-01,2.857099999999999973e+00,3.927999999999999825e-01
-1.700700000000000101e+00,6.287000000000000366e-01,1.050999999999999990e-01
1.449899999999999967e+00,1.302899999999999947e+00,1.394900000000000029e+00
1.613399999999999945e+00,3.965000000000000191e-01,9.771999999999999575e-01
2.235999999999999932e-01,6.162999999999999590e-01,2.026000000000000023e-01
7.577000000000000401e-01,2.131899999999999906e+00,2.665799999999999947e+00
3.301299999999999901e+00,9.014999999999999680e-01,1.933100000000000041e+00
2.126000000000000112e-01,1.969600000000000017e+00,2.342200000000000060e+00
2.093199999999999950e+00,-6.558000000000000496e-01,2.318200000000000038e+00
-5.305999999999999606e-01,-1.137499999999999956e+00,9.275999999999999801e-01
-1.861099999999999977e+00,9.119000000000000439e-01,5.955000000000000293e-01
-1.206700000000000106e+00,3.207100000000000062e+00,7.879999999999999505e-02
-2.462600000000000122e+00,4.551999999999999935e-01,9.220000000000000417e-01
8.570999999999999730e-01,1.054999999999999938e+00,1.812999999999999945e+00
-2.037999999999999812e+00,-1.706999999999999906e-01,1.311299999999999910e+00
3.044000000000000039e+00,1.367899999999999894e+00,8.689000000000000057e-01
1.204299999999999926e+00,6.471999999999999975e-01,2.095899999999999874e+00
6.374999999999999556e-01,1.049800000000000066e+00,-1.517000000000000015e-01
-1.262000000000000066e-01,2.035800000000000054e+00,2.099299999999999944e+00
-1.229700000000000015e+00,3.080400000000000027e+00,1.488399999999999945e+00
-3.649099999999999788e+00,9.422000000000000375e-01,8.631999999999999673e-01
-1.579800000000000093e+00,8.505000000000000338e-01,2.210000000000000020e-01
7.063000000000000389e-01,2.820100000000000051e+00,1.179200000000000026e+00
-2.613399999999999945e+00,7.869000000000000439e-01,1.852800000000000002e+00
-1.949200000000000044e+00,1.632800000000000029e+00,1.671799999999999953e+00
2.083000000000000129e-01,2.575999999999999956e-01,9.603000000000000425e-01
1.794999999999999929e-01,1.190299999999999914e+00,2.834200000000000053e+00
-2.894999999999999796e-01,5.363999999999999879e-01,4.919000000000000039e-01
-9.176999999999999602e-01,-3.109000000000000097e-01,4.107999999999999985e-01
6.098999999999999977e-01,1.767200000000000104e+00,1.501800000000000024e+00
1.469899999999999984e+00,1.683400000000000007e+00,1.001700000000000035e+00
-1.935000000000000053e-01,6.193999999999999506e-01,1.159999999999999920e-02
1.250899999999999901e+00,4.101000000000000201e-01,-2.952000000000000179e-01
1.295099999999999918e+00,-4.086000000000000187e-01,8.988000000000000433e-01
6.575999999999999623e-01,-3.498999999999999888e-01,1.178600000000000092e+00
-3.941000000000000059e-01,1.298499999999999988e+00,1.957200000000000051e+00
1.383999999999999897e+00,-3.801999999999999824e-01,1.198700000000000099e+00
-2.350499999999999812e+00,-1.413000000000000089e-01,-5.419999999999999818e-02
-1.793099999999999916e+00,2.495499999999999829e+00,8.060000000000000497e-01
1.617699999999999916e+00,8.690999999999999837e-01,2.821699999999999875e+00
1.282999999999999918e+00,8.850000000000000089e-01,6.792000000000000259e-01
1.713999999999999968e-01,1.842300000000000049e+00,1.343000000000000027e-01
-3.277400000000000091e+00,2.203699999999999992e+00,9.201000000000000290e-01
-2.095200000000000173e+00,9.384000000000000119e-01,1.737300000000000066e+00
-1.155799999999999939e+00,2.700600000000000112e+00,1.541900000000000048e+00
8.458999999999999853e-01,-5.564000000000000057e-01,4.356999999999999762e-01
6.672000000000000153e-01,7.260999999999999677e-01,3.226199999999999957e+00
7.265000000000000346e-01,-1.870000000000000134e-02,1.636700000000000044e+00
4.070199999999999818e+00,1.834000000000000075e-01,1.011800000000000033e+00
-1.530699999999999950e+00,7.635999999999999455e-01,1.379999999999999893e+00
9.996000000000000441e-01,-1.940999999999999948e-01,1.640000000000000069e-01
-3.056099999999999817e+00,6.810000000000000497e-01,1.826999999999999957e+00
-1.467899999999999983e+00,-5.571000000000000396e-01,5.003999999999999559e-01
-1.610500000000000043e+00,1.799800000000000066e+00,5.835000000000000187e-01
-2.646000000000000019e-01,3.938999999999999724e-01,3.601700000000000124e+00
1.143599999999999950e+00,6.798999999999999488e-01,7.600999999999999979e-01
6.431999999999999940e-01,4.080000000000000293e-02,-5.080999999999999961e-01
4.377900000000000347e+00,8.245999999999999996e-01,3.808000000000000274e-01
6.772000000000000242e-01,-4.757000000000000117e-01,7.177999999999999936e-01
-1.080200000000000049e+00,6.566999999999999504e-01,2.765400000000000080e+00
1.183899999999999952e+00,1.368999999999999995e+00,1.887299999999999978e+00
9.000000000000000000e+00,9.000000000000000000e+00,9.000000000000000000e+00
4.304000000000000048e-01,3.150300000000000100e+00,1.267099999999999893e+00
-2.559600000000000097e+00,8.154000000000000137e-01,9.220000000000000417e-01
-1.293800000000000061e+00,1.368200000000000083e+00,2.829000000000000181e+00
-7.934999999999999831e-01,3.074000000000000066e-01,1.100000000000000089e+00
-8.038999999999999480e-01,5.688999999999999613e-01,1.403599999999999959e+00
-2.031800000000000050e+00,5.741000000000000547e-01,4.576999999999999957e-01
-6.141999999999999682e-01,-5.190000000000000169e-02,1.513200000000000101e+00
1.187000000000000000e-01,2.740000000000000074e-02,3.680400000000000116e+00
-1.783400000000000096e+00,1.313800000000000079e+00,4.847000000000000197e-01
5.416999999999999593e-01,3.015499999999999847e+00,1.124400000000000066e+00
1.607900000000000107e+00,1.294999999999999929e+00,2.059699999999999864e+00
2.740699999999999914e+00,5.230000000000000204e-01,-1.754999999999999893e-01
9.000000000000000000e+00,9.000000000000000000e+00,9.000000000000000000e+00
8.885999999999999455e-01,1.246000000000000024e-01,2.440100000000000158e+00
3.887999999999999790e-01,1.833499999999999908e+00,1.732499999999999929e+00
1.747600000000000042e+00,7.109999999999999654e-01,2.547000000000000153e+00
2.974299999999999944e+00,1.803099999999999925e+00,2.071200000000000152e+00
-2.064000000000000001e-01,3.154000000000000137e-01,1.355199999999999960e+00
-1.508599999999999941e+00,1.382100000000000106e+00,1.562200000000000033e+00
-1.954399999999999915e+00,2.238799999999999901e+00,1.781000000000000083e-01
-3.389400000000000190e+00,1.202800000000000091e+00,8.181000000000000494e-01
1.929499999999999993e+00,9.967000000000000304e-01,1.303099999999999925e+00
9.000000000000000000e+00,9.000000000000000000e+00,9.000000000000000000e+00
1.576400000000000023e+00,-3.139999999999999736e-02,1.976399999999999935e+00
-4.243000000000000105e-01,1.799700000000000077e+00,-9.210000000000000409e-01
4.099300000000000388e+00,1.879000000000000115e-01,3.033000000000000140e-01
2.353200000000000180e+00,2.212699999999999889e+00,9.953999999999999515e-01
2.520000000000000018e+00,-1.097499999999999920e+00,1.094300000000000050e+00
1.175000000000000044e+00,1.039500000000000091e+00,9.030000000000000526e-02
1.129199999999999982e+00,2.329499999999999904e+00,1.110999999999999988e+00
1.296499999999999986e+00,-1.290000000000000001e-02,1.376400000000000068e+00
-7.936999999999999611e-01,1.109599999999999920e+00,7.357000000000000206e-01
2.426299999999999901e+00,2.500999999999999890e+00,1.295500000000000096e+00
-2.130300000000000082e+00,1.002199999999999980e+00,-3.501000000000000223e-01
-7.366000000000000325e-01,-5.674000000000000155e-01,-5.399999999999999939e-02
-5.486999999999999655e-01,-1.165699999999999958e+00,-8.177999999999999714e-01
-3.266999999999999904e-01,-1.297900000000000054e+00,2.066500000000000004e+00
1.052599999999999980e+00,1.177400000000000002e+00,-1.617000000000000104e-01
-2.179499999999999993e+00,-2.562899999999999956e+00,-7.339999999999999858e-01
1.521000000000000130e-01,7.564999999999999503e-01,2.823100000000000165e+00
3.203399999999999803e+00,1.286000000000000032e+00,5.268000000000000460e-01
5.302999999999999936e-01,1.244699999999999918e+00,2.311799999999999855e+00
-1.426000000000000045e-01,9.394000000000000128e-01,-2.664000000000000257e-01
-2.485700000000000021e+00,1.807600000000000096e+00,-2.967000000000000193e-01
-1.307000000000000106e-01,3.687199999999999811e+00,-5.199999999999999761e-02
2.836399999999999810e+00,7.912000000000000144e-01,1.237100000000000088e+00
-8.435000000000000275e-01,3.541000000000000258e-01,2.414000000000000035e-01
-4.888000000000000123e-01,3.250799999999999912e+00,7.102000000000000535e-01
2.509000000000000119e-01,6.494999999999999662e-01,1.610999999999999932e-01
-2.537799999999999834e+00,1.883399999999999963e+00,1.350000000000000089e-01
1.902000000000000079e-01,2.177000000000000046e+00,1.806100000000000039e+00
8.649999999999999356e-02,-3.245000000000000107e-01,1.693999999999999950e-01
-2.674500000000000099e+00,1.838500000000000023e+00,1.163499999999999979e+00
-1.421999999999999931e-01,8.282000000000000473e-01,-9.210000000000000131e-02
-9.366999999999999771e-01,4.223000000000000087e-01,2.820199999999999818e+00
9.000000000000000000e+00,9.000000000000000000e+00,9.000000000000000000e+00
-5.594999999999999973e-01,2.829099999999999948e+00,6.437000000000000499e-01
-7.322999999999999510e-01,5.618999999999999551e-01,1.072000000000000036e-01
-9.355999999999999872e-01,9.536000000000000032e-01,3.060400000000000009e+00
6.858999999999999542e-01,6.510000000000000508e-02,1.958700000000000108e+00
-6.634999999999999787e-01,-4.169999999999999818e-01,3.991000000000000103e-01
-1.901100000000000012e+00,7.950000000000000122e-02,6.704999999999999849e-01
-9.585000000000000187e-01,-8.087999999999999634e-01,8.589999999999999858e-01
6.139999999999999902e-01,1.234099999999999975e+00,-2.320000000000000118e-01
5.078000000000000291e-01,-3.294000000000000261e-01,1.032599999999999962e+00
-2.574300000000000033e+00,4.529999999999999999e-02,1.172800000000000065e+00
-1.042799999999999949e+00,-6.679000000000000492e-01,2.884999999999999787e-01
1.067000000000000032e-01,8.669000000000000039e-01,1.962199999999999944e+00
6.759999999999999343e-02,1.316999999999999948e+00,2.261200000000000099e+00
-2.752200000000000202e+00,1.297099999999999920e+00,9.318999999999999506e-01
-1.923999999999999932e+00,2.370299999999999851e+00,1.768000000000000127e-01
2.000100000000000211e+00,4.966999999999999749e-01,2.783799999999999830e+00
1.458099999999999952e+00,2.630700000000000038e+00,8.365000000000000213e-01
-5.459000000000000519e-01,3.120299999999999851e+00,-6.832000000000000295e-01
1.605299999999999949e+00,1.249000000000000110e+00,-1.055999999999999994e-01
2.679000000000000270e-01,-8.060000000000000497e-01,1.391299999999999981e+00
1.368100000000000094e+00,1.978099999999999969e+00,1.740399999999999947e+00
-1.987999999999999989e+00,8.000000000000000167e-03,2.757499999999999840e+00
-1.258399999999999963e+00,-3.879000000000000226e-01,9.284999999999999920e-01
1.562599999999999989e+00,1.728699999999999903e+00,1.194999999999999951e-01
1.377599999999999936e+00,7.378000000000000114e-01,1.318000000000000005e-01
-8.740000000000000546e-02,1.939599999999999991e+00,-3.729999999999999982e-02
3.112200000000000077e+00,1.098600000000000021e+00,1.555700000000000083e+00
-5.880999999999999561e-01,2.178500000000000103e+00,8.276999999999999913e-01
9.000000000000000000e+00,9.000000000000000000e+00,9.000000000000000000e+00
-3.633700000000000152e+00,1.855999999999999872e-01,4.907000000000000250e-01
1.651200000000000001e+00,2.292899999999999938e+00,1.176500000000000101e+00
9.000000000000000000e+00,9.000000000000000000e+00,9.000000000000000000e+00
-2.513799999999999812e+00,1.104600000000000026e+00,5.305999999999999606e-01
-4.303700000000000081e+00,6.324999999999999512e-01,1.713000000000000078e-01
5.559999999999999665e-02,-1.851900000000000102e+00,-2.449000000000000066e-01
2.524099999999999788e+00,1.313900000000000068e+00,-3.200000000000000153e-03
-2.716000000000000081e-01,1.349399999999999933e+00,2.371100000000000207e+00
-2.284899999999999931e+00,-6.569000000000000394e-01,6.042999999999999483e-01
3.421699999999999964e+00,5.916000000000000147e-01,3.764000000000000123e-01
-1.559999999999999928e-02,1.232099999999999973e+00,5.694000000000000172e-01
1.015999999999999959e-01,2.813899999999999846e+00,4.031000000000000139e-01
-2.169000000000000095e-01,1.269999999999999948e-02,2.958600000000000119e+00
1.792100000000000026e+00,5.229000000000000314e-01,1.317900000000000071e+00
2.960399999999999920e+00,9.796000000000000263e-01,1.954800000000000093e+00
2.861800000000000122e+00,1.100500000000000034e+00,6.528000000000000469e-01
-4.455000000000000071e-01,6.443999999999999728e-01,-7.710000000000000187e-02
1.121799999999999908e+00,1.764599999999999946e+00,2.895000000000000018e+00
5.553000000000000158e-01,1.026799999999999935e+00,1.810799999999999965e+00
3.713600000000000012e+00,7.946999999999999620e-01,-2.343999999999999972e-01
-1.457100000000000062e+00,2.466299999999999937e+00,1.578400000000000025e+00
1.700299999999999923e+00,1.211699999999999999e+00,2.384199999999999875e+00
-1.937300000000000022e+00,1.823399999999999910e+00,-3.736999999999999766e-01
-1.019999999999999934e-01,1.316799999999999971e+00,9.543000000000000371e-01
7.799999999999999642e-03,-1.296399999999999997e+00,1.441200000000000037e+00
1.026000000000000023e+00,2.369000000000000217e+00,2.221900000000000208e+00
1.778100000000000014e+00,-1.417599999999999971e+00,1.373599999999999932e+00
4.009999999999999676e-02,8.849999999999999534e-02,1.717799999999999994e+00
1.754999999999999893e-01,1.131199999999999983e+00,2.759700000000000042e+00
2.005500000000000060e+00,8.143000000000000238e-01,7.664999999999999591e-01
-2.482000000000000040e-01,-1.287000000000000088e-01,-4.494000000000000217e-01
-1.445699999999999985e+00,-9.445000000000000062e-01,9.059000000000000385e-01
2.019999999999999921e-02,-6.399000000000000243e-01,2.181299999999999795e+00
3.045799999999999841e+00,-8.266000000000000014e-01,3.359999999999999792e-02
6.229000000000000092e-01,-8.097999999999999643e-01,1.398000000000000076e-01
-6.131999999999999673e-01,1.866200000000000081e+00,1.822200000000000042e+00
-1.554300000000000015e+00,1.559099999999999930e+00,2.828399999999999803e+00
-6.169999999999999790e-02,7.351999999999999647e-01,2.366000000000000103e+00
-1.099999999999999936e-02,1.789000000000000035e-01,5.294999999999999707e-01
-2.522499999999999964e+00,7.510000000000000009e-02,1.786200000000000010e+00
5.909999999999999976e-02,3.520000000000000212e-02,3.165000000000000036e-01
-1.645899999999999919e+00,3.632000000000000228e-01,1.604300000000000059e+00
-7.622999999999999776e-01,4.671000000000000152e-01,2.289200000000000124e+00
-1.647000000000000020e+00,1.040599999999999969e+00,-1.185999999999999971e-01
-1.606999999999999984e+00,7.688000000000000389e-01,1.036000000000000032e+00
-7.328999999999999959e-01,1.864300000000000068e+00,1.350200000000000067e+00
-2.132999999999999896e-01,7.841000000000000192e-01,-3.670000000000000345e-02
9.000000000000000000e+00,9.000000000000000000e+00,9.000000000000000000e+00
6.784999999999999920e-01,8.339999999999999636e-01,4.986999999999999766e-01
6.754999999999999893e-01,9.187999999999999501e-01,3.161300000000000221e+00
-3.645099999999999785e+00,5.714000000000000190e-01,8.682999999999999607e-01
8.265000000000000124e-01,1.387799999999999923e+00,2.044500000000000206e+00
-2.003000000000000058e-01,-4.467999999999999750e-01,1.340200000000000058e+00
5.546999999999999709e-01,1.802899999999999947e+00,2.149199999999999999e+00
1.326500000000000012e+00,3.180200000000000138e+00,8.216999999999999860e-01
-1.100999999999999979e+00,6.160999999999999810e-01,1.778100000000000014e+00
1.696999999999999897e-01,1.525600000000000067e+00,2.926099999999999923e+00
8.100000000000000533e-01,1.189200000000000035e+00,2.115499999999999936e+00
1.884800000000000031e+00,1.403599999999999959e+00,2.315500000000000114e+00
-5.539999999999999786e-02,3.978999999999999759e-01,1.101699999999999902e+00
1.149000000000000021e-01,5.391000000000000236e-01,7.651000000000000023e-01
1.375399999999999956e+00,2.291799999999999837e+00,1.871699999999999919e+00
2.496700000000000141e+00,8.336999999999999966e-01,1.260299999999999976e+00
8.725000000000000533e-01,4.915999999999999814e-01,-5.313999999999999835e-01
-1.281700000000000061e+00,8.101000000000000423e-01,1.506199999999999983e+00
-6.605999999999999650e-01,2.580000000000000002e-02,3.083400000000000141e+00
-3.532000000000000028e+00,2.497999999999999943e-01,6.464999999999999636e-01
-6.048999999999999932e-01,3.216099999999999959e+00,5.853000000000000425e-01
-5.756000000000000005e-01,2.077500000000000124e+00,2.381699999999999928e+00
1.358300000000000063e+00,-2.298999999999999932e-01,2.426999999999999991e-01
-2.137999999999999901e-01,4.207000000000000184e-01,3.617999999999999883e+00
1.825599999999999890e+00,2.240899999999999892e+00,2.304399999999999782e+00
-2.779700000000000060e+00,1.239200000000000079e+00,-8.999999999999999320e-03
-2.006299999999999972e+00,1.585199999999999942e+00,1.268599999999999950e+00
-9.847000000000000197e-01,7.296000000000000263e-01,1.947999999999999954e+00
1.065900000000000070e+00,2.378600000000000048e+00,1.542699999999999960e+00
1.093499999999999917e+00,2.711699999999999999e+00,1.029199999999999893e+00
1.726099999999999968e+00,6.007000000000000117e-01,1.901100000000000012e+00
7.047999999999999821e-01,-3.169000000000000150e-01,4.550000000000000155e-01
-3.034899999999999931e+00,7.226000000000000201e-01,2.093599999999999905e+00
9.599999999999999159e-03,1.873899999999999899e+00,1.905399999999999983e+00
4.061300000000000132e+00,8.296999999999999931e-01,8.039999999999999925e-02
-2.026499999999999968e+00,1.616600000000000037e+00,1.931499999999999995e+00
-4.374000000000000110e-01,1.714099999999999957e+00,9.852999999999999536e-01
9.000000000000000000e+00,9.000000000000000000e+00,9.000000000000000000e+00
1.854899999999999993e+00,1.108700000000000019e+00,2.348999999999999977e-01
3.160000000000000031e-01,7.942000000000000171e-01,-2.685000000000000164e-01
8.294000000000000261e-01,2.219100000000000072e+00,1.416900000000000048e+00
-6.367000000000000437e-01,6.815999999999999837e-01,1.605699999999999905e+00
1.329099999999999948e+00,1.385899999999999910e+00,-1.027900000000000036e+00
9.439999999999999503e-01,1.519000000000000072e-01,8.151000000000000467e-01
2.984799999999999898e+00,1.988999999999999935e-01,8.923999999999999710e-01
-2.701000000000000068e-01,1.274799999999999933e+00,4.000000000000000083e-02
2.405299999999999994e+00,1.774100000000000010e+00,3.529999999999999805e-01
-7.276000000000000245e-01,1.181899999999999951e+00,-4.109999999999999765e-02
-4.303000000000000158e-01,6.784999999999999920e-01,2.478600000000000136e+00
-4.808999999999999941e-01,1.210099999999999953e+00,5.429000000000000492e-01
-7.262999999999999456e-01,8.213000000000000300e-01,3.083800000000000097e+00
1.862000000000000099e+00,1.016000000000000014e+00,2.436700000000000088e+00
5.417999999999999483e-01,1.556400000000000006e+00,-3.219999999999999946e-02
4.067000000000000060e-01,1.344700000000000006e+00,2.320399999999999796e+00
1.470800000000000107e+00,2.159000000000000086e-01,3.121199999999999974e+00
9.100000000000000311e-01,1.537500000000000089e+00,3.513999999999999901e-01
-9.689999999999999725e-01,2.492999999999999938e-01,-1.856000000000000094e+00
2.976199999999999957e+00,-1.825700000000000101e+00,-1.137499999999999956e+00
2.061900000000000066e+00,1.309500000000000108e+00,1.207600000000000007e+00
-4.667000000000000037e-01,1.890999999999999903e-01,5.580000000000000238e-02
-1.239100000000000090e+00,5.809999999999999887e-02,-7.447000000000000286e-01
-1.710900000000000087e+00,2.938499999999999890e+00,1.176199999999999912e+00
-1.229200000000000070e+00,2.959200000000000053e+00,1.131899999999999906e+00
-7.206000000000000183e-01,2.351500000000000146e+00,2.162900000000000045e+00
1.167799999999999949e+00,-7.038999999999999702e-01,5.456999999999999629e-01
-4.297000000000000264e-01,9.585000000000000187e-01,3.967999999999999861e-01
1.921999999999999931e+00,2.351100000000000190e+00,1.242499999999999938e+00
-2.254399999999999959e+00,-4.542999999999999816e-01,2.228400000000000158e+00
-5.181999999999999940e-01,1.618900000000000006e+00,2.255999999999999783e+00
9.978000000000000203e-01,3.304100000000000037e+00,6.714999999999999858e-01
4.626000000000000112e-01,-5.157000000000000473e-01,1.538300000000000001e+00
2.713099999999999845e+00,-2.800000000000000058e-02,0.000000000000000000e+00
1.499999999999999944e-01,9.706000000000000183e-01,1.837000000000000022e-01
-9.747000000000000108e-01,7.773999999999999799e-01,-1.172500000000000098e+00
-1.015000000000000069e-01,2.255799999999999805e+00,2.335199999999999942e+00
1.974299999999999944e+00,-6.565999999999999615e-01,5.421000000000000263e-01
-2.100999999999999979e+00,1.727899999999999991e+00,7.870000000000000606e-02
1.250000000000000069e-02,-8.438999999999999835e-01,8.357999999999999874e-01
1.880800000000000027e+00,2.318599999999999994e+00,9.154999999999999805e-01
1.136200000000000099e+00,4.404000000000000137e-01,1.869000000000000106e-01
9.697000000000000064e-01,-1.093099999999999961e+00,4.592999999999999861e-01
8.235000000000000098e-01,-9.471000000000000529e-01,1.741600000000000037e+00
1.949000000000000066e+00,2.493399999999999839e+00,-1.315999999999999948e-01
1.509300000000000086e+00,6.360000000000000098e-01,2.271100000000000119e+00
-1.601199999999999957e+00,3.352999999999999869e-01,2.032000000000000028e+00
2.056099999999999817e+00,1.118600000000000039e+00,1.997300000000000075e+00
-8.110000000000000542e-01,1.335700000000000109e+00,2.054499999999999993e+00
2.167000000000000037e-01,1.400199999999999889e+00,2.666100000000000136e+00
-2.065700000000000092e+00,2.708999999999999742e-01,1.044799999999999951e+00
7.951000000000000290e-01,2.336899999999999977e+00,2.213699999999999779e+00
1.221100000000000074e+00,1.219999999999999973e-01,9.108000000000000540e-01
1.270999999999999908e+00,-4.047999999999999932e-01,-1.002999999999999892e+00
-2.652400000000000091e+00,3.066999999999999726e-01,1.141000000000000014e+00
-2.455700000000000216e+00,3.527000000000000135e-01,1.662500000000000089e+00
-3.544799999999999951e+00,8.327999999999999847e-01,1.376200000000000090e+00
8.070000000000000506e-01,7.604999999999999538e-01,1.826699999999999990e+00
1.804499999999999993e+00,2.251799999999999802e+00,-3.261000000000000010e-01
-1.057399999999999896e+00,1.045600000000000085e+00,1.118400000000000061e+00
2.569300000000000139e+00,1.744999999999999885e-01,1.926800000000000068e+00
2.575400000000000134e+00,8.149999999999999467e-01,4.329999999999999960e-01
-2.431400000000000006e+00,-9.237999999999999545e-01,5.021999999999999797e-01
-3.145199999999999996e+00,1.481999999999999984e+00,6.421000000000000041e-01
-9.278999999999999471e-01,1.480799999999999894e+00,1.569299999999999917e+00
1.921899999999999942e+00,1.735200000000000076e+00,1.866600000000000037e+00
-2.660699999999999843e+00,5.094999999999999529e-01,1.808300000000000018e+00
-4.859999999999999737e-02,1.651100000000000012e+00,4.263000000000000123e-01
-8.690000000000000502e-02,-1.036599999999999966e+00,4.233999999999999986e-01
1.278699999999999948e+00,-9.847000000000000197e-01,5.694000000000000172e-01
-4.897000000000000242e-01,1.709899999999999975e+00,2.063099999999999934e+00
8.948000000000000398e-01,2.488799999999999901e+00,2.487200000000000077e+00
-4.889999999999999902e-01,-1.625999999999999945e-01,1.121499999999999941e+00
6.091999999999999638e-01,1.588500000000000023e+00,1.435400000000000009e+00
-2.007600000000000051e+00,2.686000000000000054e-01,1.948600000000000110e+00
1.198199999999999932e+00,7.607000000000000428e-01,4.364000000000000101e-01
-2.481899999999999995e+00,7.189999999999999725e-01,3.604999999999999871e-01
1.671300000000000008e+00,-3.341999999999999971e-01,1.985000000000000098e-01
1.080100000000000060e+00,1.600500000000000034e+00,1.319099999999999939e+00
9.771999999999999575e-01,1.776499999999999968e+00,-5.681000000000000494e-01
-3.654700000000000060e+00,7.661000000000000032e-01,1.450299999999999923e+00
1.194099999999999939e+00,1.646900000000000031e+00,1.559500000000000108e+00
-9.582000000000000517e-01,1.020100000000000007e+00,1.116000000000000048e-01
6.370000000000000662e-02,2.003400000000000070e+00,2.074399999999999800e+00
-3.957999999999999852e-01,4.189999999999999836e-01,4.099999999999999756e-01
7.741999999999999993e-01,-1.652800000000000047e+00,-2.781000000000000139e-01
-3.865000000000000102e-01,-3.190999999999999948e-01,1.434600000000000097e+00
-3.788000000000000256e-01,-2.190999999999999892e-01,1.379999999999999893e+00
3.780000000000000027e-02,7.640000000000000124e-01,-6.679999999999999827e-02
3.022699999999999942e+00,7.950000000000000400e-01,3.276000000000000023e-01
5.573000000000000176e-01,2.104999999999999982e+00,2.123400000000000176e+00
-1.124000000000000110e+00,2.450000000000000178e+00,7.398000000000000131e-01
-1.298899999999999944e+00,1.137199999999999989e+00,8.287999999999999812e-01
-9.641999999999999460e-01,3.298399999999999999e+00,-5.937999999999999945e-01
8.279999999999999583e-01,7.260999999999999677e-01,1.871599999999999930e+00
8.215000000000000080e-01,-6.871000000000000441e-01,2.901699999999999946e+00
1.091800000000000104e+00,1.045500000000000096e+00,1.791400000000000103e+00
1.436700000000000088e+00,-5.244999999999999662e-01,-2.740000000000000074e-02
-8.208999999999999631e-01,1.144600000000000062e+00,1.397599999999999953e+00
-2.646999999999999909e-01,5.443999999999999950e-01,-4.008999999999999786e-01
-1.275900000000000034e+00,5.469000000000000528e-01,-2.777000000000000024e-01
9.000000000000000000e+00,9.000000000000000000e+00,9.000000000000000000e+00
-1.190099999999999936e+00,1.642300000000000093e+00,-1.015000000000000069e-01
2.284400000000000208e+00,2.256299999999999972e+00,3.180000000000000188e-02
8.306000000000000050e-01,3.375000000000000222e-01,3.196800000000000086e+00
-8.011000000000000343e-01,1.838500000000000023e+00,2.443799999999999972e+00
1.313199999999999923e+00,2.876500000000000057e+00,1.223700000000000010e+00
1.064200000000000035e+00,1.410700000000000065e+00,1.654500000000000082e+00
7.123000000000000442e-01,2.093000000000000138e-01,1.212499999999999911e+00
-7.158999999999999808e-01,1.501400000000000068e+00,1.741999999999999993e+00
4.230999999999999761e-01,-1.162900000000000045e+00,1.622900000000000009e+00
-2.632999999999999785e-01,-2.311999999999999889e-01,3.705999999999999850e-01
1.215899999999999981e+00,1.219000000000000083e+00,1.787300000000000111e+00
2.383900000000000130e+00,-1.330999999999999961e-01,9.360000000000000542e-01
-2.656099999999999905e+00,2.998000000000000109e-01,7.147000000000000020e-01
-2.338000000000000078e-01,1.720199999999999951e+00,6.792000000000000259e-01
-3.737600000000000033e+00,6.825999999999999845e-01,-6.389999999999999847e-02
1.569600000000000106e+00,7.920000000000000651e-02,1.672800000000000065e+00
2.808399999999999785e+00,1.196099999999999941e+00,2.038499999999999979e+00
9.000000000000000000e+00,9.000000000000000000e+00,9.000000000000000000e+00
5.897000000000000020e-01,2.222000000000000086e-01,1.017400000000000082e+00
2.819799999999999862e+00,7.016999999999999904e-01,8.499999999999999778e-01
-1.511100000000000110e+00,9.419999999999999485e-01,9.836000000000000298e-01
1.509200000000000097e+00,1.362500000000000044e+00,2.104200000000000070e+00
2.307599999999999874e+00,2.676999999999999935e-01,3.316000000000000059e-01
-1.127799999999999914e+00,1.433999999999999941e+00,7.270999999999999686e-01
1.417899999999999938e+00,1.331399999999999917e+00,1.122600000000000042e+00
7.710000000000000187e-02,1.385999999999999899e+00,-6.636999999999999567e-01
7.500000000000000000e-01,-6.195000000000000506e-01,1.322300000000000031e+00
6.852000000000000313e-01,8.498999999999999888e-01,1.923000000000000043e+00
-2.468300000000000161e+00,5.114999999999999547e-01,1.476099999999999968e+00
2.133000000000000007e+00,1.249400000000000066e+00,8.528000000000000025e-01
-9.828999999999999959e-01,-7.329999999999999849e-01,1.338600000000000012e+00
2.187300000000000022e+00,5.507999999999999563e-01,6.250000000000000000e-02
-3.997900000000000009e+00,8.221000000000000529e-01,7.304000000000000492e-01
-9.460000000000000353e-02,-1.103399999999999936e+00,1.163999999999999924e+00
-1.218999999999999945e-01,-2.174000000000000099e-01,5.276999999999999469e-01
-2.474000000000000088e-01,1.879000000000000004e+00,2.168099999999999916e+00
9.000000000000000000e+00,9.000000000000000000e+00,9.000000000000000000e+00
-4.356300000000000061e+00,-6.566999999999999504e-01,8.128999999999999559e-01
-7.098999999999999755e-01,2.675000000000000155e-01,6.516999999999999460e-01
1.671200000000000019e+00,1.757700000000000040e+00,2.477300000000000058e+00
9.267999999999999572e-01,1.482099999999999973e+00,-3.490000000000000047e-02
7.009999999999999565e-02,9.284000000000000030e-01,7.506000000000000449e-01
-1.846000000000000085e+00,-3.588000000000000078e-01,7.954999999999999849e-01
-3.096999999999999753e-01,-6.550000000000000266e-02,1.009400000000000075e+00
1.817000000000000004e-01,-7.129999999999999671e-01,1.083800000000000097e+00
-1.095699999999999896e+00,6.512000000000000011e-01,2.406899999999999817e+00
3.810099999999999820e+00,2.192999999999999949e-01,-1.585000000000000020e-01
-1.040200000000000014e+00,-5.496999999999999664e-01,1.709400000000000031e+00
-1.171100000000000030e+00,2.723300000000000054e+00,1.083099999999999952e+00
-1.054499999999999993e+00,2.250700000000000145e+00,1.444299999999999917e+00
-2.973300000000000054e+00,-2.195999999999999897e-01,1.450599999999999890e+00
-1.654199999999999893e+00,2.646900000000000031e+00,1.673899999999999944e+00
1.015099999999999891e+00,9.348999999999999533e-01,3.092000000000000082e+00
-6.399000000000000243e-01,2.896900000000000031e+00,1.666700000000000070e+00
2.678999999999999826e+00,-8.437999999999999945e-01,1.170099999999999918e+00
-1.748999999999999999e-01,9.026999999999999469e-01,-7.167000000000000037e-01
1.554799999999999960e+00,-1.176299999999999901e+00,8.090000000000000524e-01
-1.370500000000000052e+00,3.794000000000000150e-01,1.336999999999999966e+00
3.480300000000000171e+00,1.445200000000000040e+00,2.076499999999999790e+00
1.899999999999999996e-03,1.892800000000000038e+00,2.656699999999999839e+00
1.198700000000000099e+00,1.185000000000000053e+00,-3.237999999999999767e-01
1.227899999999999991e+00,2.058399999999999785e+00,2.771000000000000130e-01
-2.919299999999999784e+00,1.071499999999999897e+00,-4.270000000000000184e-02
1.596400000000000041e+00,-3.513000000000000012e-01,-2.811000000000000165e-01
2.537999999999999812e+00,5.635999999999999899e-01,1.171200000000000019e+00
-8.596000000000000307e-01,8.849999999999999534e-02,3.525399999999999867e+00
1.660800000000000054e+00,1.822699999999999987e+00,9.995000000000000551e-01
4.050900000000000389e+00,3.368999999999999773e-01,1.045099999999999918e+00
-7.932000000000000162e-01,2.169500000000000206e+00,-1.721000000000000030e-01
5.595999999999999863e-01,1.358100000000000085e+00,9.173999999999999932e-01
-2.129999999999999949e-01,9.667000000000000037e-01,6.199999999999999956e-02
-2.459000000000000075e-01,1.392600000000000060e+00,2.132999999999999896e-01
1.600600000000000023e+00,2.641799999999999926e+00,6.110999999999999766e-01
-1.501300000000000079e+00,1.344999999999999973e+00,1.954099999999999948e+00
-9.239000000000000545e-01,7.530999999999999917e-01,2.897000000000000131e-01
7.710000000000000187e-02,-3.285000000000000142e-01,1.112000000000000099e+00
8.083000000000000185e-01,1.121000000000000052e-01,1.928700000000000081e+00
-4.779999999999999805e-01,1.899999999999999953e-02,-1.705000000000000127e-01
-2.314700000000000202e+00,2.584999999999999964e+00,5.929999999999999855e-02
-1.465500000000000025e+00,2.315399999999999903e+00,2.036599999999999966e+00
-6.734999999999999876e-01,2.365400000000000169e+00,1.426800000000000068e+00
-2.800399999999999778e+00,2.254000000000000004e+00,2.222999999999999976e-01
-4.909999999999999920e-01,-1.012999999999999901e+00,1.789800000000000058e+00
-7.691999999999999948e-01,3.005900000000000016e+00,1.185400000000000009e+00
6.458000000000000407e-01,4.057999999999999940e-01,2.174999999999999989e-01
-1.165000000000000063e-01,1.599699999999999900e+00,9.273000000000000131e-01
1.935000000000000053e-01,4.763999999999999901e-01,3.406499999999999861e+00
3.105599999999999916e+00,1.708800000000000097e+00,1.028599999999999959e+00
-1.533400000000000096e+00,2.030600000000000183e+00,1.641399999999999970e+00
1.322400000000000020e+00,1.728299999999999947e+00,9.396999999999999797e-01
-2.210000000000000020e-01,3.286900000000000155e+00,3.824000000000000177e-01
-3.709000000000000075e-01,1.842999999999999972e+00,2.527499999999999858e+00
1.254799999999999915e+00,2.278300000000000214e+00,6.541000000000000147e-01
1.133399999999999963e+00,5.470000000000000417e-01,3.182300000000000129e+00
-1.229200000000000070e+00,-9.364999999999999991e-01,1.069399999999999906e+00
3.077700000000000102e+00,1.414800000000000058e+00,4.433000000000000274e-01
-1.068100000000000049e+00,1.316500000000000004e+00,-1.340000000000000045e-02
2.680400000000000116e+00,5.620000000000000551e-01,4.994999999999999996e-01
4.937000000000000277e-01,1.983800000000000008e+00,1.141799999999999926e+00
2.454000000000000070e-01,1.562400000000000011e+00,-4.837000000000000188e-01
2.929100000000000037e+00,6.598000000000000531e-01,1.739300000000000068e+00
2.866099999999999870e+00,2.333800000000000097e+00,4.197000000000000175e-01
-1.513500000000000068e+00,8.218999999999999639e-01,1.110000000000000049e-02
1.995000000000000107e-01,4.121000000000000218e-01,2.058000000000000107e-01
1.945300000000000029e+00,1.781600000000000072e+00,1.259500000000000064e+00
2.690000000000000030e-02,5.643000000000000238e-01,1.072599999999999998e+00
-1.426999999999999935e-01,2.819100000000000161e+00,9.418999999999999595e-01
2.138300000000000090e+00,-3.407999999999999918e-01,5.780999999999999472e-01
1.573499999999999899e+00,1.453899999999999970e+00,2.263100000000000112e+00
-6.149999999999999911e-02,2.826799999999999979e+00,1.549000000000000099e-01
1.640999999999999959e-01,-3.819000000000000172e-01,1.408700000000000063e+00
-2.214000000000000135e-01,6.963000000000000300e-01,3.316800000000000193e+00
-1.867899999999999894e+00,7.695999999999999508e-01,2.880900000000000016e+00
-5.869999999999999662e-01,1.131599999999999939e+00,-3.150999999999999912e-01
5.042999999999999705e-01,2.156499999999999861e+00,1.711000000000000076e+00
3.447999999999999954e-01,2.290999999999999981e-01,-1.750000000000000167e-02
1.356300000000000061e+00,1.012899999999999912e+00,-9.550000000000000155e-02
7.008999999999999675e-01,5.943000000000000504e-01,2.293999999999999928e-01
-3.610000000000000014e-02,6.565999999999999615e-01,3.540000000000000036e+00
3.133000000000000229e-01,7.177999999999999936e-01,3.265699999999999825e+00
1.120999999999999996e+00,-1.104400000000000048e+00,9.061000000000000165e-01
2.033100000000000129e+00,1.739700000000000024e+00,5.262999999999999901e-01
3.516000000000000014e+00,7.964999999999999858e-01,7.571999999999999842e-01
-2.053999999999999826e+00,7.148999999999999799e-01,2.927500000000000213e+00
1.917200000000000015e+00,4.887000000000000233e-01,6.379000000000000226e-01
-8.390000000000000235e-02,2.452999999999999847e+00,1.515700000000000047e+00
3.485100000000000087e+00,1.333800000000000097e+00,-8.039999999999999925e-02
3.014999999999999902e-01,2.948000000000000065e-01,1.790100000000000025e+00
3.300000000000000155e-02,4.893000000000000127e-01,1.914700000000000069e+00
-1.195799999999999974e+00,-6.572000000000000064e-01,9.353000000000000203e-01
-2.744699999999999918e+00,1.183000000000000052e+00,9.588999999999999746e-01
8.165000000000000036e-01,9.629999999999999671e-02,1.153399999999999981e+00
5.532000000000000250e-01,2.983999999999999986e-01,1.728799999999999892e+00
1.425799999999999956e+00,3.039000000000000035e-01,2.848399999999999821e+00
-3.214100000000000179e+00,8.939999999999999336e-02,-1.094899999999999984e+00
1.048300000000000010e+00,2.318000000000000060e-01,1.519999999999999997e-02
-1.614200000000000079e+00,7.500999999999999890e-01,2.218999999999999861e+00
-2.164499999999999869e+00,1.438099999999999934e+00,3.049999999999999933e-01
1.138500000000000068e+00,2.211599999999999788e+00,1.137699999999999934e+00
-2.705000000000000182e-01,8.670999999999999819e-01,1.019200000000000106e+00
-3.010899999999999910e+00,7.290999999999999703e-01,6.254999999999999449e-01
1.398600000000000065e+00,-5.698999999999999622e-01,1.145100000000000007e+00
1.277700000000000058e+00,3.097100000000000186e+00,9.566000000000000059e-01
-1.208099999999999952e+00,1.614500000000000046e+00,2.615899999999999892e+00
3.136099999999999888e+00,7.832999999999999963e-01,9.788000000000000034e-01
1.508099999999999996e+00,1.409200000000000008e+00,-3.463999999999999857e-01
2.564700000000000202e+00,2.418099999999999916e+00,9.451000000000000512e-01
-2.293800000000000061e+00,1.091099999999999959e+00,1.610400000000000054e+00
-2.068599999999999994e+00,-8.653999999999999471e-01,5.547999999999999599e-01
5.472000000000000197e-01,8.591999999999999638e-01,9.627000000000000002e-01
5.960000000000000020e-02,1.219999999999999973e-01,3.514800000000000146e+00
5.363999999999999879e-01,1.768899999999999917e+00,3.160200000000000120e+00
1.038399999999999990e+00,2.298399999999999999e+00,1.255800000000000027e+00
6.773000000000000131e-01,2.037999999999999812e+00,2.874699999999999811e+00
-1.065900000000000070e+00,1.695200000000000040e+00,2.189900000000000180e+00
-6.089999999999999858e-01,2.240200000000000191e+00,1.534100000000000019e+00
-3.615999999999999770e-01,1.875799999999999912e+00,1.509500000000000064e+00
1.689200000000000035e+00,8.029999999999999638e-02,1.652400000000000091e+00
1.745400000000000063e+00,2.404100000000000126e+00,9.758000000000000007e-01
-1.498899999999999899e+00,1.698700000000000099e+00,2.028700000000000170e+00
4.940900000000000070e+00,1.106999999999999984e+00,2.379999999999999893e-01
2.033199999999999896e+00,3.101999999999999758e-01,1.953600000000000003e+00
-3.749000000000000110e-01,2.298000000000000043e-01,2.475900000000000212e+00
-1.580100000000000060e+00,2.505100000000000104e+00,5.823000000000000398e-01
4.499000000000000221e-01,-8.754999999999999449e-01,1.049099999999999921e+00
-2.879999999999999921e-02,1.436900000000000066e+00,1.024599999999999955e+00
-5.320000000000000284e-01,-1.425100000000000033e+00,1.186500000000000110e+00
-2.646999999999999797e+00,-2.436000000000000110e-01,3.698000000000000176e-01
6.631000000000000227e-01,2.318599999999999994e+00,8.703999999999999515e-01
-1.235500000000000043e+00,4.025000000000000244e-01,-3.648000000000000131e-01
3.645999999999999797e-01,6.008000000000000007e-01,1.341900000000000093e+00
-1.414800000000000058e+00,3.718000000000000194e-01,1.397399999999999975e+00
-1.455200000000000049e+00,-1.036299999999999999e+00,1.049700000000000077e+00
5.211000000000000076e-01,-1.227500000000000036e+00,1.155399999999999983e+00
1.465100000000000069e+00,1.601799999999999891e+00,2.579299999999999926e+00
-2.218999999999999861e-01,7.570000000000000340e-02,3.528799999999999937e+00
-2.076999999999999957e+00,1.703999999999999959e+00,1.316100000000000048e+00
-4.602999999999999869e-01,1.380800000000000027e+00,7.531999999999999806e-01
-1.266299999999999981e+00,-1.093599999999999905e+00,8.518999999999999906e-01
-1.708299999999999930e+00,-1.247900000000000009e+00,6.111999999999999655e-01
4.924999999999999933e-01,1.752999999999999892e+00,2.938099999999999934e+00
-2.970000000000000070e-02,-5.999999999999999474e-04,3.699999999999999817e-02
-2.396900000000000031e+00,8.217999999999999750e-01,2.999999999999999889e-01
3.794900000000000162e+00,1.146999999999999964e-01,4.323000000000000176e-01
5.563000000000000167e-01,9.498999999999999666e-01,2.745200000000000085e+00
1.247000000000000053e-01,1.993200000000000083e+00,2.267799999999999816e+00
2.180499999999999883e+00,1.364900000000000002e+00,2.599000000000000199e+00
-1.509500000000000064e+00,6.374999999999999556e-01,7.538000000000000256e-01
1.949899999999999967e+00,3.330000000000000182e-01,2.165700000000000180e+00
-3.649999999999999772e-02,2.414499999999999869e+00,2.707699999999999996e+00
1.474199999999999955e+00,1.473300000000000054e+00,1.531300000000000106e+00
-4.704999999999999738e-01,-1.364300000000000068e+00,2.057999999999999829e+00
1.873099999999999987e+00,1.268399999999999972e+00,1.708599999999999897e+00
1.386500000000000066e+00,-5.237000000000000544e-01,1.284299999999999997e+00
5.391000000000000236e-01,-4.319999999999999951e-01,5.104999999999999538e-01
5.705000000000000071e-01,-1.155899999999999928e+00,1.816300000000000026e+00
1.480599999999999916e+00,-3.388999999999999790e-01,1.130600000000000049e+00
-1.257800000000000029e+00,1.015400000000000080e+00,2.633300000000000196e+00
-1.766699999999999937e+00,2.575299999999999923e+00,-6.165000000000000480e-01
-4.445000000000000062e-01,1.141799999999999926e+00,2.290099999999999802e+00
1.443599999999999994e+00,1.229300000000000059e+00,2.143499999999999961e+00
-3.146399999999999864e+00,1.282000000000000084e-01,1.932299999999999907e+00
1.961500000000000021e+00,4.328000000000000180e-01,1.860700000000000021e+00
1.145999999999999935e-01,9.717000000000000082e-01,5.975000000000000311e-01
-1.202199999999999935e+00,1.723799999999999999e+00,1.125099999999999989e+00
1.039199999999999902e+00,2.346999999999999920e-01,2.845400000000000151e+00
-2.084700000000000220e+00,2.392700000000000049e+00,2.505000000000000004e-01
-1.824000000000000066e-01,1.602400000000000047e+00,7.804999999999999716e-01
-1.157899999999999929e+00,1.955899999999999972e+00,2.737800000000000011e+00
-1.266899999999999915e+00,-9.700000000000000289e-03,3.758000000000000229e-01
-2.640800000000000036e+00,-1.024399999999999977e+00,1.170000000000000068e-01
-2.230000000000000038e-02,1.002199999999999980e+00,9.325999999999999845e-01
9.597999999999999865e-01,1.510499999999999954e+00,8.166999999999999815e-01
1.956199999999999939e+00,2.127299999999999969e+00,-3.184000000000000163e-01
-1.355199999999999960e+00,1.752299999999999969e+00,2.352300000000000058e+00
9.000000000000000000e+00,9.000000000000000000e+00,9.000000000000000000e+00
-1.436500000000000110e+00,1.107499999999999929e+00,1.780999999999999917e+00
1.925999999999999934e-01,5.593000000000000194e-01,-6.326000000000000512e-01
-6.378000000000000336e-01,1.454499999999999904e+00,-5.442000000000000171e-01
1.253600000000000048e+00,1.260899999999999910e+00,1.560699999999999976e+00
-6.857999999999999652e-01,-1.227999999999999980e+00,1.382400000000000073e+00
-8.510999999999999677e-01,1.460700000000000109e+00,1.415000000000000036e+00
2.725699999999999790e+00,1.584000000000000130e-01,1.019900000000000029e+00
1.849999999999999978e-01,-4.118699999999999584e+00,-7.040000000000000424e-02
-3.133300000000000196e+00,1.871799999999999908e+00,1.880000000000000004e-01
2.995000000000000107e+00,2.066800000000000193e+00,4.242000000000000215e-01
-9.021000000000000130e-01,-3.432999999999999940e-01,-1.902900000000000036e+00
-1.520899999999999919e+00,2.161599999999999966e+00,1.544300000000000006e+00
4.868999999999999995e-01,1.239100000000000090e+00,-1.228000000000000064e-01
7.779999999999999416e-02,-2.899999999999999800e-01,-1.282000000000000084e-01
3.639000000000000012e-01,2.166599999999999859e+00,8.968000000000000416e-01
1.812899999999999956e+00,-1.218399999999999928e+00,4.692999999999999949e-01
-8.630999999999999783e-01,6.511000000000000121e-01,2.849200000000000177e+00
2.711999999999999966e-01,6.808999999999999497e-01,1.367899999999999894e+00
1.807600000000000096e+00,3.136600000000000055e+00,-1.749999999999999889e-01
-4.560000000000000164e-02,6.050999999999999712e-01,2.088600000000000012e+00
-2.375100000000000211e+00,1.488299999999999956e+00,1.130600000000000049e+00
-6.310000000000000331e-02,6.693999999999999950e-01,4.129999999999999782e-01
1.450700000000000101e+00,3.164200000000000124e+00,1.683999999999999941e-01
-5.916000000000000147e-01,-9.452000000000000401e-01,-6.128000000000000114e-01
3.476700000000000124e+00,2.366000000000000048e-01,-2.460000000000000034e-02
-1.325999999999999956e-01,1.638300000000000090e+00,-7.612999999999999767e-01
2.387900000000000134e+00,4.737000000000000099e-01,1.493500000000000050e+00
2.046999999999999931e-01,-3.019000000000000017e-01,2.104999999999999927e-01
-2.804300000000000015e+00,4.637999999999999901e-01,2.322799999999999976e+00
2.036999999999999922e-01,3.000100000000000211e+00,1.061199999999999921e+00
3.963999999999999746e-01,1.389499999999999957e+00,-3.119999999999999857e-02
-2.442299999999999915e+00,1.223000000000000087e+00,2.007299999999999862e+00
1.368999999999999939e-01,1.254699999999999926e+00,1.649000000000000021e+00
1.520599999999999952e+00,2.767100000000000115e+00,-1.925999999999999934e-01
1.523500000000000076e+00,1.031600000000000072e+00,1.153000000000000025e+00
2.439599999999999991e+00,2.504900000000000126e+00,1.147799999999999931e+00
2.489799999999999791e+00,-2.665099999999999802e+00,8.053000000000000158e-01
8.699000000000000066e-01,2.263500000000000068e+00,8.547000000000000153e-01
-1.491600000000000037e+00,9.063999999999999835e-01,2.051299999999999901e+00
-1.844000000000000083e+00,1.283800000000000052e+00,2.075800000000000090e+00
7.536000000000000476e-01,1.225400000000000045e+00,1.598300000000000054e+00
-1.520799999999999930e+00,8.231000000000000538e-01,1.758000000000000007e+00
1.346200000000000063e+00,1.074100000000000055e+00,8.831999999999999851e-01
2.928000000000000047e-01,-8.408999999999999808e-01,5.663000000000000256e-01
1.541700000000000070e+00,-7.877999999999999448e-01,-9.810999999999999721e-01
-4.510000000000000120e-01,1.431999999999999940e-01,2.793999999999999817e-01
6.551000000000000156e-01,6.499999999999999702e-03,1.026200000000000001e+00
-5.463999999999999968e-01,7.217000000000000082e-01,3.272100000000000009e+00
1.484599999999999920e+00,2.170700000000000074e+00,2.189099999999999824e+00
-2.002800000000000136e+00,2.058800000000000185e+00,1.184399999999999897e+00
2.056799999999999962e+00,5.707999999999999741e-01,3.013999999999999790e+00
-8.401999999999999469e-01,1.369199999999999973e+00,1.613999999999999879e-01
1.025700000000000056e+00,2.125900000000000123e+00,1.333399999999999919e+00
-1.180800000000000072e+00,-9.781999999999999584e-01,2.274900000000000144e+00
-2.499499999999999833e+00,7.449999999999999678e-02,2.674599999999999866e+00
3.316199999999999815e+00,-4.383000000000000229e-01,-3.059999999999999873e-02
-1.828100000000000058e+00,-1.633999999999999897e-01,8.554000000000000492e-01
-3.015899999999999803e+00,1.134900000000000020e+00,5.947000000000000064e-01
-2.590300000000000047e+00,2.359999999999999876e-01,5.114999999999999547e-01
-2.397499999999999964e+00,1.774599999999999955e+00,5.238000000000000433e-01
-2.619499999999999940e+00,1.635299999999999976e+00,5.721000000000000529e-01
-1.057299999999999907e+00,2.498400000000000176e+00,2.201000000000000068e+00
-1.670800000000000063e+00,2.900700000000000056e+00,2.051000000000000045e-01
3.103099999999999969e+00,1.538300000000000001e+00,4.199999999999999845e-01
-2.229699999999999793e+00,4.450000000000000067e-01,2.101700000000000124e+00
1.850999999999999979e+00,2.046800000000000175e+00,3.922999999999999821e-01
2.909600000000000186e+00,-1.870000000000000134e-02,1.121999999999999942e-01
-1.809399999999999897e+00,1.052599999999999980e+00,2.045900000000000052e+00
1.606600000000000028e+00,8.454000000000000403e-01,3.181599999999999984e+00
2.274599999999999955e+00,1.241000000000000020e-01,1.002000000000000002e+00
9.433000000000000274e-01,2.154199999999999893e+00,-1.177799999999999958e+00
1.552200000000000024e+00,9.576000000000000068e-01,2.326999999999999957e+00
-6.783000000000000140e-01,-9.705000000000000293e-01,9.010000000000000231e-01
-1.159599999999999964e+00,2.207000000000000073e-01,1.443000000000000060e+00
-2.189900000000000180e+00,1.504299999999999971e+00,1.445500000000000007e+00
1.252999999999999892e+00,7.339999999999999858e-01,2.137999999999999901e+00
-1.253200000000000092e+00,4.605000000000000204e-01,3.210799999999999876e+00
1.098000000000000087e+00,8.307999999999999829e-01,3.260000000000000120e-01
-1.758599999999999941e+00,1.548699999999999966e+00,-4.270000000000000184e-02
-2.280699999999999950e+00,7.478000000000000203e-01,2.834700000000000220e+00
3.074300000000000033e+00,3.710999999999999854e-01,1.154600000000000071e+00
1.925200000000000022e+00,1.661000000000000032e+00,9.536000000000000032e-01
2.967000000000000193e-01,-7.834999999999999742e-01,7.428000000000000158e-01
-6.473999999999999755e-01,3.025999999999999801e-01,3.175999999999999934e-01
9.844000000000000528e-01,9.127999999999999448e-01,6.763000000000000123e-01
1.783099999999999907e+00,2.116099999999999870e+00,5.526999999999999691e-01
2.966899999999999871e+00,1.952299999999999924e+00,3.795999999999999930e-01
-1.263099999999999890e+00,2.066000000000000059e-01,2.544099999999999806e+00
1.907000000000000028e+00,-5.480000000000000149e-02,3.171800000000000175e+00
-2.140600000000000058e+00,1.589699999999999891e+00,9.142000000000000126e-01
2.530100000000000016e+00,1.286899999999999933e+00,1.971999999999999975e+00
2.189200000000000035e+00,9.989999999999999991e-01,2.205900000000000194e+00
7.058999999999999719e-01,1.475300000000000056e+00,2.310000000000000053e+00
3.027000000000000246e-01,2.586999999999999855e-01,1.100800000000000001e+00
6.994000000000000217e-01,6.382999999999999785e-01,1.386000000000000010e-01
-2.131899999999999906e+00,8.612999999999999545e-01,1.783900000000000041e+00
3.217799999999999994e+00,4.217000000000000193e-01,1.568500000000000005e+00
-6.856999999999999762e-01,2.500000000000000000e-01,2.776600000000000179e+00
5.625999999999999890e-01,1.891000000000000014e+00,1.683799999999999963e+00
-9.869999999999999885e-01,1.891299999999999981e+00,2.777299999999999880e+00
-1.176500000000000101e+00,1.952700000000000102e+00,2.376799999999999802e+00
-1.125299999999999967e+00,-2.094999999999999918e-01,9.635000000000000231e-01
-8.687000000000000277e-01,2.280199999999999783e+00,2.108699999999999797e+00
-3.829000000000000181e-01,4.622999999999999887e-01,4.941999999999999726e-01
1.355199999999999960e+00,-2.263000000000000012e-01,5.210000000000000187e-01
1.484699999999999909e+00,6.864999999999999991e-01,4.364000000000000101e-01
2.087000000000000188e+00,1.606899999999999995e+00,5.340000000000000302e-01
2.106100000000000083e+00,3.031699999999999839e+00,3.473999999999999866e-01
-7.458000000000000185e-01,8.035999999999999810e-01,2.931000000000000272e-01
3.189999999999999780e-02,-7.581999999999999851e-01,1.962000000000000133e-01
3.068200000000000038e+00,1.024999999999999911e+00,1.493700000000000028e+00
-9.142000000000000126e-01,-3.438999999999999835e-01,2.584299999999999820e+00
3.091400000000000148e+00,1.093299999999999939e+00,1.179799999999999960e+00
2.412599999999999856e+00,8.285000000000000142e-01,2.473399999999999821e+00
-1.317499999999999893e+00,-2.847000000000000086e-01,2.278900000000000148e+00
2.583200000000000163e+00,-7.439999999999999392e-02,2.170900000000000052e+00
-1.032299999999999995e+00,2.566699999999999982e+00,1.420700000000000074e+00
8.318999999999999728e-01,9.936000000000000387e-01,1.562799999999999967e+00
4.894000000000000017e-01,4.047999999999999932e-01,1.135399999999999965e+00
8.542999999999999483e-01,-2.728299999999999947e+00,-1.235100000000000087e+00
3.210999999999999854e+00,8.560999999999999721e-01,1.379899999999999904e+00
3.318400000000000016e+00,4.880999999999999783e-01,3.841999999999999860e-01
-2.837000000000000188e+00,1.295400000000000107e+00,1.255300000000000082e+00
-7.563999999999999613e-01,-6.976999999999999869e-01,1.825199999999999934e+00
-9.384000000000000119e-01,9.200000000000000400e-01,-4.750000000000000056e-02
1.730699999999999905e+00,1.787999999999999867e-01,2.589399999999999924e+00
1.872400000000000064e+00,2.045399999999999885e+00,2.257200000000000095e+00
-2.138599999999999834e+00,-2.215999999999999914e-01,2.347500000000000142e+00
-1.849699999999999900e+00,3.161000000000000032e+00,4.703999999999999848e-01
-2.832500000000000018e+00,2.008100000000000218e+00,1.511100000000000110e+00
-1.689999999999999947e+00,-9.572000000000000508e-01,3.169999999999999901e-02
-5.885000000000000231e-01,1.938499999999999890e+00,1.850400000000000045e+00
-2.056999999999999940e-01,1.035700000000000065e+00,3.760000000000000148e-02
1.554000000000000048e+00,3.644999999999999907e-01,5.421000000000000263e-01
6.465999999999999526e-01,5.626999999999999780e-01,5.197000000000000508e-01
-3.212999999999999745e-01,-3.029999999999999916e-01,3.577300000000000146e+00
1.242699999999999916e+00,-2.039800000000000058e+00,-3.583999999999999964e-01
-3.507000000000000117e-01,7.806999999999999496e-01,2.160000000000000114e-02
-4.768999999999999906e-01,1.378000000000000058e-01,3.586199999999999832e+00
1.184500000000000108e+00,6.421000000000000041e-01,7.848000000000000531e-01
1.061099999999999932e+00,5.210000000000000187e-01,2.210000000000000020e-01
1.247000000000000108e+00,2.544700000000000184e+00,-1.449000000000000010e-01
2.806999999999999940e+00,3.070999999999999841e-01,1.821299999999999919e+00
1.211999999999999966e+00,3.346999999999999975e-01,2.774399999999999977e+00
1.525800000000000045e+00,1.819900000000000073e+00,9.053999999999999826e-01
-3.282999999999999918e+00,5.735999999999999988e-01,1.330400000000000027e+00
-3.868900000000000006e+00,-8.024000000000000021e-01,8.411999999999999478e-01
-2.697200000000000042e+00,4.081000000000000183e-01,4.702999999999999958e-01
-1.576799999999999979e+00,-2.417999999999999872e-01,2.783999999999999808e-01
1.679999999999999938e+00,1.603999999999999870e-01,1.439000000000000001e-01
-1.721100000000000074e+00,1.515200000000000102e+00,2.012199999999999989e+00
-1.393899999999999917e+00,1.679599999999999982e+00,2.356000000000000039e-01
-2.200000000000000011e-01,2.376399999999999846e+00,2.088000000000000078e+00
-8.229999999999999816e-02,-5.000000000000000104e-03,9.272000000000000242e-01
2.373000000000000220e+00,1.341099999999999959e+00,1.780100000000000016e+00
1.184700000000000086e+00,1.145699999999999941e+00,2.846900000000000208e+00
-1.776399999999999979e+00,-8.407000000000000028e-01,-3.924000000000000266e-01
2.112400000000000055e+00,-1.817299999999999915e+00,-3.448999999999999844e-01
-2.566699999999999982e+00,2.379000000000000004e-01,1.540100000000000025e+00
-1.034899999999999931e+00,4.470000000000000084e-01,1.045999999999999985e-01
-7.893999999999999906e-01,1.101199999999999957e+00,9.945000000000000506e-01
-3.372999999999999887e-01,1.585700000000000109e+00,2.875500000000000167e+00
1.274699999999999944e+00,2.056500000000000217e+00,1.410199999999999898e+00
5.435999999999999721e-01,1.116900000000000004e+00,-5.000000000000000104e-03
3.064299999999999802e+00,3.463999999999999857e-01,1.583900000000000086e+00
-1.071299999999999919e+00,1.624300000000000077e+00,2.038499999999999979e+00
5.829999999999999766e-02,-3.449999999999999734e-01,1.752299999999999969e+00
-1.910400000000000098e+00,-5.475999999999999757e-01,5.858999999999999764e-01
-2.294700000000000184e+00,1.485999999999999988e+00,2.505100000000000104e+00
1.880900000000000016e+00,1.895199999999999996e+00,3.704000000000000070e-01
2.588200000000000056e+00,4.512999999999999790e-01,3.101999999999999758e-01
1.649899999999999922e+00,2.319900000000000073e+00,5.422000000000000153e-01
7.318000000000000060e-01,2.037900000000000045e+00,9.577999999999999847e-01
8.248999999999999666e-01,1.528399999999999981e+00,1.208499999999999908e+00
5.162999999999999812e-01,1.981899999999999995e+00,1.495800000000000018e+00
-1.509000000000000064e-01,1.058000000000000052e-01,1.053299999999999903e+00
1.799099999999999921e+00,2.777999999999999914e-01,1.573299999999999921e+00
4.354000000000000092e-01,9.856000000000000316e-01,3.234399999999999942e+00
-1.860800000000000010e+00,2.189999999999999947e+00,-1.174999999999999933e-01
-6.374999999999999556e-01,7.901000000000000245e-01,4.717999999999999972e-01
-1.324000000000000066e+00,-7.285000000000000364e-01,9.275999999999999801e-01
-2.539999999999999897e-02,3.512000000000000122e-01,3.333299999999999930e+00
1.802999999999999881e-01,-1.121399999999999952e+00,1.347800000000000109e+00
6.714999999999999858e-01,2.924599999999999866e+00,1.464199999999999946e+00
-8.021000000000000352e-01,2.048000000000000043e+00,-8.284000000000000252e-01
3.071000000000000174e+00,9.990000000000000269e-02,1.568500000000000005e+00
2.491400000000000059e+00,2.605999999999999872e+00,4.959999999999999826e-02
7.876999999999999558e-01,5.635999999999999899e-01,4.536999999999999922e-01
6.958999999999999631e-01,-1.185599999999999987e+00,1.193300000000000027e+00
-5.413999999999999924e-01,-7.514999999999999458e-01,7.116999999999999993e-01
-8.345000000000000195e-01,-5.349000000000000421e-01,9.229000000000000536e-01
-2.522899999999999920e+00,8.026999999999999691e-01,2.400599999999999845e+00
-1.827000000000000013e-01,-1.225200000000000067e+00,1.596799999999999997e+00
-2.919700000000000184e+00,9.399999999999999467e-01,1.528799999999999937e+00
-6.178000000000000158e-01,1.075499999999999901e+00,1.993300000000000072e+00
3.930000000000000160e-02,1.321700000000000097e+00,1.570400000000000018e+00
-1.214199999999999946e+00,2.459000000000000075e-01,6.228000000000000203e-01
5.195999999999999508e-01,1.737600000000000033e+00,1.550499999999999989e+00
9.829999999999999849e-02,-5.124999999999999556e-01,1.320100000000000051e+00
-1.398900000000000032e+00,1.199999999999999956e+00,3.008399999999999963e+00
-9.383000000000000229e-01,6.008999999999999897e-01,2.613700000000000134e+00
4.030000000000000249e-01,2.285000000000000142e+00,3.660000000000000059e-02
6.848999999999999533e-01,5.676999999999999824e-01,3.453100000000000058e+00
1.577900000000000080e+00,1.726499999999999924e+00,2.280199999999999783e+00
-2.619899999999999896e+00,1.021099999999999897e+00,2.513000000000000234e-01
-1.675499999999999989e+00,1.704399999999999915e+00,1.038000000000000034e-01
-1.440099999999999936e+00,1.610200000000000076e+00,2.628000000000000114e+00
9.096999999999999531e-01,4.642000000000000015e-01,2.837499999999999911e+00
-1.248699999999999921e+00,5.873000000000000442e-01,1.698600000000000110e+00
-1.265300000000000091e+00,4.293000000000000149e-01,4.234999999999999876e-01
-3.048000000000000154e-01,1.429200000000000026e+00,1.818400000000000016e+00
1.655699999999999950e+00,2.197799999999999976e+00,1.749700000000000033e+00
-1.340000000000000080e-01,-1.120000000000000023e-01,8.377000000000000002e-01
-6.300000000000000044e-02,2.009999999999999981e-02,1.716399999999999926e+00
-1.115399999999999947e+00,-2.624000000000000221e-01,7.419000000000000039e-01
9.031000000000000139e-01,5.803000000000000380e-01,1.295999999999999930e-01
-5.059999999999999915e-02,2.239900000000000002e+00,2.520099999999999785e+00
1.737700000000000022e+00,1.620200000000000085e+00,1.477100000000000080e+00
3.409400000000000208e+00,1.307500000000000107e+00,6.554999999999999716e-01
1.447999999999999954e+00,-5.050999999999999934e-01,9.299999999999999933e-02
1.617099999999999982e+00,1.841499999999999915e+00,1.674700000000000077e+00
9.000000000000000000e+00,9.000000000000000000e+00,9.000000000000000000e+00
-1.209999999999999964e-01,4.259999999999999898e-01,-1.877999999999999947e-01
-1.432600000000000096e+00,-6.661000000000000254e-01,4.965999999999999859e-01
5.202999999999999847e-01,1.057500000000000107e+00,2.966800000000000104e+00
-3.481599999999999806e+00,6.331999999999999851e-01,1.146300000000000097e+00
-3.392999999999999905e-01,1.973799999999999999e+00,2.740299999999999958e+00
5.221000000000000085e-01,2.187999999999999945e-01,1.708000000000000074e-01
9.304999999999999938e-01,3.629999999999999893e-01,1.365399999999999947e+00
-3.704000000000000070e-01,3.614999999999999880e-01,9.866000000000000325e-01
2.451099999999999834e+00,8.682999999999999607e-01,4.642999999999999905e-01
-2.570899999999999963e+00,2.168499999999999872e+00,1.679699999999999971e+00
-8.649000000000000021e-01,2.690399999999999903e+00,1.647199999999999998e+00
2.082300000000000040e+00,1.646800000000000042e+00,4.837000000000000188e-01
-9.030000000000000526e-02,2.719199999999999839e+00,1.456099999999999950e+00
-8.997000000000000552e-01,1.486399999999999944e+00,2.438000000000000167e+00
1.721600000000000019e+00,2.799300000000000122e+00,9.767000000000000126e-01
9.491000000000000547e-01,1.844999999999999973e-01,2.777000000000000024e-01
-3.549999999999999684e-02,2.164099999999999913e+00,1.503200000000000092e+00
-6.191999999999999726e-01,1.370600000000000041e+00,2.718300000000000161e+00
