-4.069899999999999629e+00,-1.016370000000000040e+01,-1.390039999999999942e+01,5.916000000000000147e-01,-3.173099999999999810e+00,-1.464999999999999913e-01
-2.252680000000000149e+01,-1.054170000000000051e+01,-1.480139999999999922e+01,3.053999999999999826e+00,1.428600000000000092e+00,-8.039999999999999925e-02
-2.520880000000000010e+01,-1.196790000000000020e+01,-1.237710000000000043e+01,-5.944700000000000095e+00,1.222499999999999920e+00,5.260000000000000092e-02
-1.415479999999999983e+01,-1.155330000000000013e+01,-1.405429999999999957e+01,8.389999999999999680e-01,-2.088600000000000012e+00,-3.960000000000000325e-02
-5.424000000000000377e+00,-1.333319999999999972e+01,-1.368759999999999977e+01,6.679999999999999827e-02,-1.769099999999999895e+00,-1.396999999999999909e-01
-1.538339999999999996e+01,-1.048869999999999969e+01,-1.323140000000000072e+01,8.519999999999999796e-02,5.717600000000000016e+00,-1.770000000000000046e-02
-1.932090000000000174e+01,-1.031310000000000038e+01,-1.367839999999999989e+01,-7.862000000000000099e-01,-5.580000000000000515e-01,1.545999999999999874e-01
-2.430679999999999907e+01,-1.085270000000000046e+01,-1.431370000000000076e+01,5.833000000000000185e+00,-2.419999999999999929e-02,-8.419999999999999707e-02
-4.072799999999999976e+00,-1.302749999999999986e+01,-1.404400000000000048e+01,-4.223999999999999977e-01,-9.273600000000000065e+00,-3.749999999999999861e-02
-7.243599999999999817e+00,-1.138979999999999926e+01,-1.349419999999999931e+01,4.428799999999999848e+00,-4.345600000000000129e+00,1.068999999999999950e-01
-1.490210000000000079e+01,-1.080030000000000001e+01,-1.270850000000000080e+01,-2.230300000000000171e+00,-3.598500000000000032e+00,-1.647000000000000131e-01
-1.003940000000000055e+01,-1.284399999999999942e+01,-1.453159999999999918e+01,-3.616299999999999848e+00,3.906999999999999917e-01,4.390000000000000152e-02
-1.555310000000000059e+01,-1.083929999999999971e+01,-1.418890000000000029e+01,-4.735100000000000087e+00,3.258799999999999919e+00,1.359999999999999924e-02
-1.290049999999999919e+01,-1.273329999999999984e+01,-1.381600000000000072e+01,-1.605599999999999916e+00,3.992100000000000204e+00,-8.480000000000000038e-02
-2.867030000000000101e+01,-1.064429999999999943e+01,-1.424680000000000035e+01,9.679999999999999716e-01,-3.534800000000000164e+00,1.030000000000000013e-02
-1.756670000000000087e+01,-1.032740000000000080e+01,-1.405429999999999957e+01,3.651699999999999946e+00,-8.474000000000000421e-01,8.980000000000000482e-02
-1.420209999999999972e+01,-1.175999999999999979e+01,-1.344170000000000087e+01,-2.824899999999999967e+00,9.627399999999999736e+00,4.449999999999999789e-02
-1.659240000000000137e+01,-1.082080000000000020e+01,-1.346410000000000018e+01,1.360899999999999999e+00,2.483099999999999863e+00,4.320000000000000229e-02
4.962799999999999656e+00,-1.093790000000000084e+01,-1.445219999999999949e+01,-5.201000000000000068e-01,-7.705199999999999605e+00,-7.230000000000000315e-02
-1.562700000000000067e+01,-1.127089999999999925e+01,-1.483960000000000079e+01,-6.760000000000000453e-01,-4.490000000000000102e-01,-9.220000000000000417e-02
-1.514349999999999952e+01,-1.140210000000000079e+01,-1.422509999999999941e+01,4.994699999999999918e+00,-2.859999999999999876e+00,-8.450000000000000566e-02
-9.525100000000000122e+00,-1.294449999999999967e+01,-1.400159999999999982e+01,2.265000000000000069e-01,-3.118700000000000028e+00,-2.539999999999999897e-02
-1.217190000000000083e+01,-1.266530000000000022e+01,-1.312490000000000023e+01,2.647999999999999798e-01,-4.729999999999999760e-01,-2.338999999999999968e-01
-2.534120000000000061e+01,-1.213749999999999929e+01,-1.365199999999999925e+01,1.163429999999999964e+01,-7.207000000000000073e-01,1.890000000000000013e-02
-1.604230000000000089e+01,-1.137689999999999912e+01,-1.380840000000000067e+01,1.056699999999999973e+00,1.768499999999999961e+00,2.939999999999999905e-02
-9.514300000000000423e+00,-1.159919999999999973e+01,-1.305269999999999975e+01,-1.041500000000000092e+00,-1.354899999999999993e+00,-1.764999999999999902e-01
-1.523230000000000040e+01,-1.037500000000000000e+01,-1.401839999999999975e+01,-1.546399999999999997e+00,2.272299999999999986e+00,-1.378999999999999948e-01
-8.287000000000000810e+00,-1.107039999999999935e+01,-1.396860000000000035e+01,-3.055600000000000094e+00,-4.064600000000000435e+00,-1.676999999999999880e-01
-8.192399999999999238e+00,-1.145049999999999990e+01,-1.324080000000000013e+01,-2.410899999999999821e+00,-4.838799999999999990e+00,-7.149999999999999412e-02
-1.026319999999999943e+01,-1.229720000000000013e+01,-1.278989999999999938e+01,2.005000000000000115e-01,-1.265700000000000047e+00,-2.575000000000000067e-01
-1.001700000000000035e+00,-1.096780000000000044e+01,-1.313509999999999955e+01,-8.264699999999999491e+00,4.526900000000000368e+00,1.293999999999999873e-01
-1.507980000000000054e+01,-1.163020000000000032e+01,-1.305460000000000065e+01,1.701000000000000012e-01,1.788999999999999924e+00,-1.420000000000000082e-02
-1.293790000000000084e+01,-1.142750000000000021e+01,-1.339879999999999960e+01,2.021300000000000097e+00,-1.823299999999999921e+00,-2.840000000000000163e-02
-1.818789999999999907e+01,-2.178249999999999886e+01,-2.127680000000000149e+01,1.126800000000000024e+00,-9.457999999999999741e-01,-8.630000000000000171e-02
-1.255509999999999948e+01,-1.083300000000000018e+01,-1.383230000000000004e+01,-1.799000000000000044e-01,-7.020999999999999464e-01,-2.900000000000000147e-02
-1.031429999999999936e+01,-1.142549999999999955e+01,-1.316960000000000086e+01,-1.077900000000000080e+00,-7.499999999999999722e-03,-4.630000000000000088e-02
-1.708729999999999905e+01,-1.144219999999999970e+01,-1.461689999999999934e+01,4.940999999999999837e+00,-3.037000000000000255e-01,3.090000000000000038e-02
-1.422439999999999927e+01,-9.874000000000000554e+00,-1.465709999999999980e+01,-7.436000000000000387e-01,1.121299999999999963e+00,-7.270000000000000073e-02
-1.667409999999999926e+01,-9.982400000000000162e+00,-1.390189999999999948e+01,-2.515200000000000102e+00,-5.038599999999999746e+00,-7.040000000000000424e-02
-1.341169999999999973e+01,-1.160720000000000063e+01,-1.386260000000000048e+01,5.493500000000000050e+00,-3.992300000000000182e+00,6.600000000000000311e-02
-2.427580000000000027e+01,-1.665940000000000154e+01,-1.605489999999999995e+01,-1.523700000000000054e+00,-8.790000000000000036e-01,6.479999999999999649e-02
-2.351520000000000010e+01,-1.430940000000000012e+01,-1.452200000000000024e+01,3.698000000000000176e-01,6.741000000000000325e-01,-3.759000000000000119e-01
-1.690549999999999997e+01,-1.105039999999999978e+01,-1.356320000000000014e+01,-3.907599999999999962e+00,2.529399999999999871e+00,-1.489999999999999936e-01
-1.269340000000000046e+01,-1.139669999999999916e+01,-1.241310000000000002e+01,-1.447599999999999998e+00,6.179000000000000048e-01,-3.490000000000000047e-02
-1.461890000000000001e+01,-2.360529999999999973e+01,-2.167079999999999984e+01,-1.556699999999999973e+00,-9.200000000000000400e-01,-1.138400000000000079e+00
-1.296310000000000073e+01,-1.166610000000000014e+01,-1.276440000000000019e+01,-4.374000000000000110e-01,-5.986000000000000210e-01,-3.899999999999999821e-03
-1.026549999999999940e+01,-1.143500000000000050e+01,-1.309409999999999918e+01,9.705000000000000293e-01,1.907999999999999974e-01,-2.058999999999999997e-01
-1.184329999999999927e+01,-9.823900000000000077e+00,-1.378829999999999956e+01,1.959500000000000020e+00,4.235299999999999621e+00,-1.353000000000000036e-01
-2.172279999999999944e+01,-1.158900000000000041e+01,-1.314969999999999928e+01,2.688999999999999724e-01,-2.314900000000000180e+00,-1.862000000000000044e-01
-1.957000000000000128e-01,-1.006070000000000064e+01,-1.374220000000000041e+01,5.468899999999999650e+00,5.922299999999999898e+00,-9.940000000000000224e-02
-1.187870000000000026e+01,-1.059759999999999991e+01,-1.386149999999999949e+01,2.591000000000000192e+00,1.417799999999999949e+00,-2.850000000000000103e-02
-3.407159999999999656e+01,-1.085769999999999946e+01,-1.313150000000000084e+01,-6.314600000000000435e+00,3.417800000000000171e+00,5.979999999999999899e-02
-2.861909999999999954e+01,-1.028379999999999939e+01,-1.347220000000000084e+01,-5.754699999999999704e+00,1.397799999999999931e+00,-3.119999999999999857e-02
-1.579819999999999958e+01,-1.092510000000000048e+01,-1.319829999999999970e+01,6.218600000000000350e+00,8.757699999999999818e+00,-1.469999999999999918e-01
-8.075699999999999434e+00,-9.903399999999999537e+00,-1.379669999999999952e+01,1.643000000000000016e-01,-5.666999999999999815e+00,-7.130000000000000226e-02
-1.667449999999999832e+01,-1.048140000000000072e+01,-1.400309999999999988e+01,-1.556599999999999984e+00,4.145500000000000185e+00,-3.420000000000000123e-02
-6.667699999999999960e+00,-1.176370000000000005e+01,-1.277619999999999933e+01,1.962199999999999944e+00,4.045000000000000262e-01,-2.232000000000000095e-01
-1.673610000000000042e+01,-1.223610000000000042e+01,-1.278689999999999927e+01,-5.267900000000000027e+00,-5.386999999999999567e+00,-2.487999999999999934e-01
-5.201699999999999768e+00,-1.076449999999999996e+01,-1.286580000000000013e+01,4.878599999999999604e+00,-8.057999999999999607e-01,-1.434999999999999887e-01
-2.265589999999999904e+01,-1.040760000000000041e+01,-1.372439999999999927e+01,-6.022300000000000431e+00,4.517000000000000348e+00,1.004000000000000031e-01
1.016399999999999970e+00,-1.227469999999999928e+01,-1.404729999999999990e+01,-2.738399999999999945e+00,1.309199999999999919e+00,-1.590000000000000094e-02
-4.794800000000000395e+00,-1.133389999999999986e+01,-1.352580000000000027e+01,-1.119299999999999962e+00,-6.937100000000000044e+00,-1.067000000000000032e-01
-1.158000000000000002e-01,-1.066590000000000060e+01,-1.411769999999999925e+01,2.568000000000000060e+00,-3.696000000000000174e+00,1.779999999999999985e-02
-9.086499999999999133e+00,-1.067389999999999972e+01,-1.522489999999999988e+01,4.656500000000000306e+00,-2.348399999999999821e+00,5.090000000000000080e-02
-1.922240000000000038e+01,-1.229420000000000002e+01,-1.363920000000000066e+01,-1.863299999999999956e+00,8.019899999999999807e+00,1.008000000000000007e-01
-1.877609999999999957e+01,-1.239220000000000077e+01,-1.446589999999999954e+01,9.108100000000000307e+00,1.552200000000000024e+00,4.719999999999999890e-02
-1.607949999999999946e+01,-1.247090000000000032e+01,-1.368260000000000076e+01,4.026900000000000368e+00,-1.432600000000000096e+00,4.900000000000000189e-02
-1.743830000000000169e+01,-1.210120000000000040e+01,-1.508159999999999989e+01,8.447400000000000020e+00,3.629000000000000004e-01,-2.980000000000000010e-02
-1.442699999999999960e+01,-1.179780000000000051e+01,-1.443069999999999986e+01,3.688200000000000145e+00,-5.700000000000000205e-02,1.431999999999999940e-01
-6.427299999999999791e+00,-9.683400000000000674e+00,-1.369940000000000069e+01,-2.140499999999999847e+00,9.973699999999999122e+00,1.008000000000000007e-01
-1.468239999999999945e+01,-1.179879999999999995e+01,-1.280429999999999957e+01,-6.934000000000000163e-01,8.962999999999999856e-01,-2.250000000000000056e-01
-1.737900000000000134e+01,-1.070090000000000074e+01,-1.315809999999999924e+01,2.886899999999999800e+00,-9.877000000000000224e-01,-1.405000000000000138e-01
-8.202400000000000801e+00,-9.898600000000000065e+00,-1.466009999999999991e+01,2.152800000000000047e+00,2.716800000000000104e+00,-7.679999999999999327e-02
-3.272800000000000153e+00,-1.042200000000000060e+01,-1.426200000000000045e+01,-3.132600000000000051e+00,4.671100000000000030e+00,2.000000000000000096e-04
-1.647030000000000172e+01,-1.138509999999999955e+01,-1.243490000000000073e+01,-7.437000000000000277e-01,-1.023200000000000109e+00,-3.869999999999999829e-02
-1.657090000000000174e+01,-1.045359999999999978e+01,-1.231179999999999986e+01,-2.830700000000000216e+00,-7.521700000000000053e+00,-9.560000000000000442e-02
-1.326099999999999923e+01,-1.018110000000000070e+01,-1.344819999999999993e+01,-3.488100000000000200e+00,7.502999999999999670e-01,-9.170000000000000373e-02
-1.124750000000000050e+01,-1.204780000000000051e+01,-1.185110000000000063e+01,1.834400000000000031e+00,2.951200000000000045e+00,4.780000000000000221e-02
-1.674330000000000140e+01,-1.233469999999999978e+01,-1.433460000000000001e+01,-3.653599999999999959e+00,1.516299999999999981e+00,-6.350000000000000089e-02
-1.069030000000000058e+01,-1.293989999999999974e+01,-1.372560000000000002e+01,-8.091300000000000381e+00,-1.665300000000000002e+00,-2.740000000000000074e-02
-1.989310000000000045e+01,-1.025880000000000081e+01,-1.296490000000000009e+01,5.156600000000000072e+00,1.013330000000000020e+01,-1.270000000000000018e-01
-1.679870000000000019e+01,-2.641400000000000148e+01,-2.344190000000000040e+01,1.207000000000000017e-01,-2.152999999999999914e-01,-2.982000000000000206e-01
2.681299999999999795e+00,-1.125159999999999982e+01,-1.457670000000000066e+01,-2.025100000000000122e+00,-2.575999999999999956e-01,1.310000000000000053e-02
-1.009200000000000097e+00,-1.093849999999999945e+01,-1.336430000000000007e+01,6.400599999999999845e+00,8.248499999999999943e+00,-1.645000000000000073e-01
-1.789170000000000016e+01,-9.694599999999999440e+00,-1.344940000000000069e+01,2.427500000000000213e+00,-5.798899999999999721e+00,6.169999999999999790e-02
-1.054809999999999981e+01,-1.101520000000000010e+01,-1.413969999999999949e+01,-5.550399999999999778e+00,5.584500000000000242e+00,1.660000000000000017e-02
-1.155189999999999984e+01,-9.798500000000000654e+00,-1.486139999999999972e+01,-3.030899999999999928e+00,-2.768400000000000194e+00,-9.840000000000000135e-02
-1.671330000000000027e+01,-1.112790000000000035e+01,-1.326859999999999928e+01,7.116999999999999993e-01,-2.207399999999999807e+00,-1.610999999999999932e-01
1.031939999999999991e+01,-1.130020000000000024e+01,-1.416269999999999918e+01,-7.804999999999999716e-01,7.079500000000000348e+00,-3.119999999999999857e-02
-1.579640000000000022e+01,-1.089710000000000001e+01,-1.404289999999999949e+01,7.181999999999999496e-01,-2.593799999999999883e+00,8.599999999999999312e-02
-1.615220000000000056e+01,-1.163739999999999952e+01,-1.240049999999999919e+01,7.525100000000000122e+00,-2.741000000000000103e+00,8.989999999999999380e-02
-1.014949999999999974e+01,-1.137659999999999982e+01,-1.306259999999999977e+01,-2.892399999999999860e+00,5.412000000000000144e-01,9.629999999999999671e-02
-1.850199999999999889e+01,-1.021149999999999913e+01,-1.285660000000000025e+01,3.097599999999999909e+00,1.030659999999999954e+01,-1.158000000000000002e-01
1.131999999999999895e+00,-1.214879999999999960e+01,-1.381109999999999971e+01,-4.395599999999999952e+00,4.275800000000000267e+00,-6.410000000000000420e-02
-1.267179999999999929e+01,-1.268629999999999924e+01,-1.359900000000000020e+01,-3.051000000000000156e+00,6.811200000000000365e+00,3.540000000000000091e-02
-2.303089999999999904e+01,-1.095599999999999952e+01,-1.468159999999999954e+01,-7.214599999999999902e+00,1.999500000000000055e+00,5.439999999999999697e-02
-9.932800000000000296e+00,-1.186289999999999978e+01,-1.296540000000000070e+01,4.152000000000000135e-01,-2.911500000000000199e+00,-1.953000000000000014e-01
-1.196599999999999930e+01,-1.097789999999999999e+01,-1.338049999999999962e+01,1.752899999999999903e+00,-3.250000000000000111e-01,-9.160000000000000087e-02
-9.505000000000000782e+00,-9.750999999999999446e+00,-1.426389999999999958e+01,-4.898000000000000131e-01,-1.439799999999999969e+00,-9.049999999999999711e-02
-3.621900000000000119e+00,-1.109210000000000029e+01,-1.236969999999999992e+01,4.240499999999999936e+00,3.552500000000000213e+00,-7.230000000000000315e-02
-1.966789999999999949e+01,-1.136539999999999928e+01,-1.372300000000000075e+01,1.161000000000000032e+00,1.774699999999999944e+00,-1.431000000000000050e-01
-2.422070000000000078e+01,-1.032729999999999926e+01,-1.396749999999999936e+01,-6.994000000000000217e-01,-7.470600000000000129e+00,-4.349999999999999700e-02
-5.502200000000000202e+00,-1.132080000000000020e+01,-1.334200000000000053e+01,2.837899999999999867e+00,-2.128499999999999837e+00,7.829999999999999460e-02
-1.131329999999999991e+01,-1.003630000000000067e+01,-1.420170000000000066e+01,1.259100000000000108e+00,-2.097300000000000164e+00,4.499999999999999660e-03
-2.415799999999999947e+00,-1.189429999999999943e+01,-1.316729999999999912e+01,-1.205100000000000060e+00,-7.459000000000000075e-01,-1.459000000000000019e-01
-7.276500000000000412e+00,-9.509199999999999875e+00,-1.333259999999999934e+01,4.897000000000000242e-01,1.190419999999999945e+01,-3.699999999999999817e-02
-1.756879999999999953e+01,-1.053860000000000063e+01,-1.385870000000000068e+01,3.237299999999999844e+00,-2.538800000000000168e+00,1.115000000000000019e-01
-1.222359999999999935e+01,-1.152989999999999959e+01,-1.377860000000000085e+01,-4.322799999999999976e+00,4.020100000000000229e+00,-1.529999999999999971e-01
-2.239399999999999835e+01,-1.102769999999999939e+01,-1.522010000000000041e+01,-5.311200000000000365e+00,-1.235100000000000087e+00,-6.439999999999999891e-02
-8.925499999999999545e+00,-1.175089999999999968e+01,-1.291949999999999932e+01,-2.981899999999999995e+00,4.142400000000000304e+00,-4.519999999999999712e-02
-1.606370000000000076e+01,-1.038909999999999911e+01,-1.339359999999999928e+01,-4.595000000000000195e-01,5.879999999999999810e-02,-8.260000000000000675e-02
-1.791199999999999903e+01,-1.054809999999999981e+01,-1.375500000000000078e+01,-2.401999999999999968e-01,1.187899999999999956e+00,9.160000000000000087e-02
-1.003769999999999918e+01,-1.115540000000000020e+01,-1.316980000000000040e+01,-2.108499999999999819e+00,-7.559000000000000163e+00,-4.800000000000000100e-02
-1.889499999999999957e+00,-1.133159999999999989e+01,-1.326849999999999952e+01,-5.791599999999999859e+00,1.646900000000000031e+00,-7.040000000000000424e-02
-1.796399999999999997e+00,-1.160130000000000017e+01,-1.387790000000000035e+01,-6.411900000000000155e+00,8.913000000000000256e+00,1.416999999999999926e-01
-1.633470000000000155e+01,-1.077640000000000065e+01,-1.517360000000000042e+01,-2.815399999999999903e+00,1.573600000000000110e+00,-4.989999999999999991e-02
-2.899520000000000053e+01,-1.197279999999999944e+01,-1.463949999999999996e+01,-1.022250000000000014e+01,3.423999999999999821e-01,1.789999999999999925e-02
-1.942579999999999885e+01,-1.128769999999999918e+01,-1.320539999999999914e+01,-8.854999999999999538e-01,-2.262100000000000222e+00,-1.327000000000000124e-01
-9.768499999999999517e+00,-1.115169999999999995e+01,-1.344929999999999914e+01,-3.974600000000000133e+00,-5.734899999999999665e+00,-1.797999999999999876e-01
-8.115899999999999892e+00,-1.163620000000000054e+01,-1.320739999999999981e+01,-2.989599999999999813e+00,6.543099999999999916e+00,-9.700000000000000289e-02
-1.340579999999999927e+01,-1.150189999999999912e+01,-1.317839999999999989e+01,-1.931200000000000028e+00,1.072599999999999998e+00,-2.071000000000000063e-01
-1.861240000000000094e+01,-1.171049999999999969e+01,-1.409409999999999918e+01,-7.855999999999999650e-01,7.206800000000000317e+00,-3.389999999999999958e-02
-2.082290000000000063e+01,-1.266200000000000081e+01,-1.518529999999999980e+01,2.220600000000000129e+00,-5.783000000000000362e-01,-9.125999999999999668e-01
-4.127200000000000202e+00,-9.721899999999999764e+00,-1.392580000000000062e+01,-3.960799999999999876e+00,3.355399999999999938e+00,-5.770000000000000129e-02
-1.905880000000000152e+01,-9.714299999999999713e+00,-1.472080000000000055e+01,3.029799999999999827e+00,-5.107000000000000428e-01,3.500000000000000073e-03
-9.049799999999999400e+00,-1.071209999999999951e+01,-1.164189999999999969e+01,-8.099000000000000199e+00,-3.886000000000000010e-01,1.510000000000000057e-02
9.870999999999999774e-01,-1.083189999999999920e+01,-1.366799999999999926e+01,1.586100000000000065e+00,-9.731999999999999540e-01,-1.250000000000000069e-02
-2.505559999999999832e+01,-1.112279999999999980e+01,-1.284430000000000049e+01,-1.129000000000000004e+00,-6.282799999999999940e+00,-6.519999999999999407e-02
-8.690599999999999881e+00,-1.179909999999999926e+01,-1.230259999999999998e+01,-1.877599999999999936e+00,2.702700000000000102e+00,1.000000000000000021e-03
-1.003240000000000087e+01,-1.113499999999999979e+01,-1.376500000000000057e+01,-1.050200000000000022e+00,4.565000000000000169e-01,-1.406999999999999917e-01
-3.318799999999999972e+00,-1.182549999999999990e+01,-1.440600000000000058e+01,-4.895999999999999797e-01,-4.880700000000000038e+00,-8.909999999999999865e-02
-1.348639999999999972e+01,-1.226130000000000031e+01,-1.371499999999999986e+01,4.383799999999999919e+00,1.298100000000000032e+00,8.730000000000000260e-02
-5.395100000000000229e+00,-9.506000000000000227e+00,-1.418360000000000021e+01,-1.588100000000000067e+00,1.318300000000000027e+00,8.699999999999999400e-03
-9.496000000000000441e+00,-1.229509999999999970e+01,-1.240509999999999913e+01,2.036599999999999966e+00,-5.390000000000000346e-01,-1.502000000000000002e-01
9.000000000000000000e+00,9.000000000000000000e+00,9.000000000000000000e+00,9.000000000000000000e+00,9.000000000000000000e+00,9.000000000000000000e+00
-1.346320000000000050e+01,-1.091239999999999988e+01,-1.257869999999999955e+01,2.781899999999999817e+00,2.973000000000000087e-01,-4.189999999999999974e-02
-2.139170000000000016e+01,-1.070270000000000010e+01,-1.240199999999999925e+01,6.386300000000000310e+00,-3.148400000000000087e+00,-1.799999999999999951e-03
-9.048999999999999488e+00,-1.185940000000000083e+01,-1.374300000000000033e+01,-1.746499999999999941e+00,2.195699999999999985e+00,-1.539999999999999980e-01
-1.419319999999999915e+01,-1.082949999999999946e+01,-1.228889999999999993e+01,1.914400000000000102e+00,-2.149999999999999967e-01,-1.290999999999999925e-01
-9.810600000000000875e+00,-1.075420000000000087e+01,-1.362260000000000026e+01,7.059999999999999609e-02,2.687699999999999978e+00,-1.618999999999999884e-01
-1.595560000000000045e+01,-1.148559999999999981e+01,-1.422830000000000084e+01,2.781400000000000095e+00,-7.521999999999999797e-01,-1.698000000000000065e-01
-9.563900000000000290e+00,-1.245289999999999964e+01,-1.330129999999999946e+01,-1.408099999999999907e+00,-7.868000000000000549e-01,4.649999999999999967e-02
-7.207699999999999996e+00,-1.103889999999999993e+01,-1.505000000000000071e+01,-3.863399999999999945e+00,1.660700000000000065e+00,8.820000000000000062e-02
-1.880750000000000099e+01,-1.161020000000000074e+01,-1.313760000000000083e+01,-4.469000000000000195e-01,3.078000000000000180e-01,-3.382000000000000006e-01
-1.750720000000000098e+01,-1.006409999999999982e+01,-1.350880000000000081e+01,-7.792000000000000037e-01,-1.598799999999999999e+00,-1.223999999999999949e-01
-5.508700000000000152e+00,-1.170899999999999963e+01,-1.440259999999999962e+01,-2.546600000000000197e+00,3.228200000000000180e+00,1.292000000000000093e-01
-9.179199999999999804e+00,-1.215859999999999985e+01,-1.379800000000000004e+01,-3.138199999999999878e+00,-2.278000000000000025e+00,-2.040000000000000147e-02
-1.583469999999999978e+01,-9.941300000000000026e+00,-1.322600000000000087e+01,-4.425999999999999934e-01,-1.079099999999999948e+00,-1.126000000000000056e-01
-4.974800000000000111e+00,-1.178389999999999915e+01,-1.419769999999999932e+01,2.795399999999999885e+00,5.744000000000000217e-01,-1.494999999999999940e-01
-1.326120000000000054e+01,-1.219940000000000069e+01,-1.368149999999999977e+01,-5.960000000000000020e-02,-5.659999999999999476e-01,5.659999999999999754e-02
-2.670299999999999940e+01,-1.085449999999999982e+01,-1.406109999999999971e+01,2.761600000000000055e+00,-3.869999999999999829e-02,-5.580000000000000238e-02
-9.623499999999999943e+00,-1.229570000000000007e+01,-1.335849999999999937e+01,-8.678000000000000158e-01,1.776599999999999957e+00,1.399999999999999986e-03
-1.808660000000000068e+01,-1.166329999999999956e+01,-1.338299999999999912e+01,-3.609999999999999876e-01,6.442999999999999838e-01,-1.859000000000000097e-01
-2.654159999999999897e+01,-1.088380000000000081e+01,-1.518260000000000076e+01,6.209699999999999775e+00,-1.793099999999999916e+00,-2.570000000000000062e-02
-1.139119999999999955e+01,-1.226200000000000045e+01,-1.256889999999999930e+01,1.112500000000000044e+00,4.496999999999999886e-01,-4.030000000000000249e-02
-7.434999999999999609e+00,-1.099130000000000074e+01,-1.380649999999999977e+01,4.084999999999999742e-01,2.616000000000000103e+00,-1.198000000000000037e-01
-3.022499999999999964e+00,-1.130209999999999937e+01,-1.351229999999999976e+01,-3.190300000000000136e+00,1.593999999999999861e-01,-1.890999999999999903e-01
-1.003940000000000055e+01,-1.142539999999999978e+01,-1.364550000000000018e+01,7.559599999999999653e+00,5.474700000000000344e+00,-1.681999999999999884e-01
-2.152509999999999835e+01,-1.651399999999999935e+01,-1.697250000000000014e+01,8.290999999999999481e-01,3.417000000000000037e-01,-4.959999999999999826e-02
-1.259210000000000029e+01,-1.341559999999999953e+01,-1.434980000000000011e+01,-4.010500000000000398e+00,7.034099999999999575e+00,-1.500000000000000031e-03
-1.211430000000000007e+01,-1.283569999999999922e+01,-1.268939999999999912e+01,1.035399999999999920e+01,-3.921499999999999986e+00,1.696999999999999897e-01
-1.783220000000000027e+01,-1.195700000000000074e+01,-1.326050000000000040e+01,9.357599999999999696e+00,-1.091099999999999959e+00,9.329999999999999405e-02
-1.931980000000000075e+01,-1.043490000000000073e+01,-1.327849999999999930e+01,4.704900000000000304e+00,-8.608000000000000096e-01,-5.349999999999999895e-02
-1.267149999999999999e+01,-1.225319999999999965e+01,-1.375559999999999938e+01,1.338000000000000078e+00,2.509999999999999787e+00,-2.424999999999999933e-01
-4.018280000000000030e+01,-1.011899999999999977e+01,-1.468229999999999968e+01,-4.308900000000000396e+00,5.094999999999999529e-01,4.899999999999999842e-03
-8.475199999999999179e+00,-1.149479999999999968e+01,-1.289250000000000007e+01,-4.952600000000000335e+00,4.939300000000000246e+00,-3.819999999999999785e-02
-6.821299999999999919e+00,-1.029250000000000043e+01,-1.389579999999999949e+01,2.841099999999999959e+00,-8.203099999999999170e+00,5.390000000000000346e-02
-8.545500000000000540e+00,-1.138780000000000037e+01,-1.346310000000000073e+01,-1.936199999999999921e+00,5.323000000000000398e+00,9.740000000000000047e-02
-1.995499999999999829e+01,-1.185570000000000057e+01,-1.278630000000000067e+01,9.062599999999999767e+00,-6.289900000000000269e+00,1.978000000000000036e-01
-1.548850000000000016e+01,-9.725799999999999557e+00,-1.259689999999999976e+01,-3.955000000000000182e-01,-4.454200000000000159e+00,-3.090000000000000038e-02
-2.076099999999999923e+01,-1.146570000000000000e+01,-1.338189999999999991e+01,2.181200000000000028e+00,-1.092489999999999917e+01,1.969999999999999876e-02
-4.647000000000000242e+00,-1.021599999999999930e+01,-1.451650000000000063e+01,3.674999999999999933e-01,-8.103000000000000203e-01,-1.529000000000000081e-01
-1.615050000000000097e+01,-1.079899999999999949e+01,-1.254550000000000054e+01,3.888900000000000023e+00,7.967900000000000205e+00,-1.173000000000000015e-01
-6.769300000000000317e+00,-1.016510000000000069e+01,-1.412650000000000006e+01,1.949100000000000055e+00,-3.277800000000000047e+00,-9.320000000000000506e-02
-1.794590000000000174e+01,-1.146349999999999980e+01,-1.277420000000000044e+01,-6.779999999999999916e-02,1.282299999999999995e+00,-2.769999999999999893e-02
-1.403359999999999985e+01,-1.138260000000000005e+01,-1.354149999999999920e+01,1.112000000000000099e+00,-1.661200000000000010e+00,-1.996999999999999886e-01
-3.211800000000000210e+00,-9.934400000000000119e+00,-1.386350000000000016e+01,-1.707300000000000040e+00,3.553000000000000047e-01,-2.149999999999999828e-02
-1.225270000000000081e+01,-1.139630000000000010e+01,-1.371340000000000003e+01,-4.546199999999999797e+00,-4.443699999999999761e+00,-1.899000000000000132e-01
-2.263090000000000046e+01,-1.108789999999999942e+01,-1.510909999999999975e+01,-7.923199999999999577e+00,1.177000000000000046e+00,6.560000000000000553e-02
-1.554840000000000089e+01,-1.155560000000000009e+01,-1.320429999999999993e+01,6.073299999999999699e+00,-3.692899999999999849e+00,1.609999999999999973e-02
-2.535399999999999920e+01,-1.085660000000000025e+01,-1.250220000000000020e+01,6.081299999999999706e+00,4.753599999999999604e+00,-1.378000000000000058e-01
-1.649159999999999826e+01,-1.202289999999999992e+01,-1.245560000000000045e+01,7.213899999999999757e+00,3.979699999999999793e+00,-2.119000000000000050e-01
-8.979400000000000048e+00,-1.204840000000000089e+01,-1.545640000000000036e+01,-1.077139999999999986e+01,3.924000000000000266e-01,2.000000000000000042e-03
-2.866299999999999848e+00,-1.093069999999999986e+01,-1.528110000000000035e+01,2.290700000000000180e+00,-1.092200000000000060e+00,3.869999999999999829e-02
-2.424999999999999933e-01,-1.093790000000000084e+01,-1.445829999999999949e+01,-3.149000000000000132e-01,-5.280100000000000016e+00,-1.108999999999999986e-01
-1.896379999999999910e+01,-1.089250000000000007e+01,-1.204299999999999926e+01,-8.451999999999999513e-01,1.287199999999999900e+00,-1.373000000000000054e-01
9.109199999999999520e+00,-1.169720000000000049e+01,-1.416089999999999982e+01,1.509400000000000075e+00,-5.103200000000000180e+00,-3.039999999999999994e-02
-8.151899999999999480e+00,-1.121439999999999948e+01,-1.253749999999999964e+01,-3.587800000000000100e+00,-8.890000000000000124e-01,-4.199999999999999740e-03
-1.495359999999999978e+01,-1.245860000000000056e+01,-1.336379999999999946e+01,-9.662800000000000722e+00,1.272299999999999986e+00,5.970000000000000306e-02
-1.563199999999999967e+01,-1.120579999999999998e+01,-1.385469999999999935e+01,3.583200000000000163e+00,1.569700000000000095e+00,-8.830000000000000349e-02
-1.656309999999999860e+01,-1.062640000000000029e+01,-1.315809999999999924e+01,2.438899999999999846e+00,2.066199999999999815e+00,-7.549999999999999767e-02
-1.723730000000000118e+01,-1.133169999999999966e+01,-1.391750000000000043e+01,-3.741999999999999771e-01,-3.544099999999999806e+00,-5.609999999999999709e-02
-1.739290000000000092e+01,-1.130949999999999989e+01,-1.382249999999999979e+01,4.848799999999999777e+00,5.927800000000000402e+00,-1.585000000000000020e-01
-1.051219999999999999e+01,-1.284720000000000084e+01,-1.325789999999999935e+01,1.132659999999999911e+01,5.333899999999999864e+00,-1.618999999999999884e-01
1.011229999999999940e+01,-1.225079999999999991e+01,-1.302110000000000056e+01,2.311300000000000132e+00,5.407899999999999707e+00,-5.330000000000000016e-02
-1.872119999999999962e+01,-1.289990000000000059e+01,-1.294130000000000003e+01,-2.748800000000000132e+00,-2.091000000000000081e-01,-3.653000000000000136e-01
-1.271170000000000044e+01,-1.216910000000000025e+01,-1.418730000000000047e+01,4.386000000000000121e+00,5.114999999999999547e-01,-5.070000000000000201e-02
-1.447860000000000014e+01,-1.074600000000000044e+01,-1.301069999999999993e+01,1.730399999999999938e+00,1.664900000000000047e+00,-1.400000000000000029e-02
-2.505330000000000013e+01,-9.235099999999999199e+00,-1.411400000000000077e+01,-5.535999999999999810e-01,4.412399999999999878e+00,-7.199999999999999803e-03
-1.397630000000000017e+01,-1.139750000000000085e+01,-1.220059999999999967e+01,-3.478800000000000114e+00,-1.348799999999999999e+00,9.790000000000000091e-02
-1.807110000000000127e+01,-1.130150000000000077e+01,-1.253090000000000082e+01,4.797000000000000153e-01,-1.004000000000000031e-01,-2.050000000000000086e-02
-1.462759999999999927e+01,-1.126609999999999978e+01,-1.352280000000000015e+01,6.533000000000000362e+00,-4.091300000000000381e+00,-7.059999999999999609e-02
-1.852560000000000073e+01,-1.040029999999999966e+01,-1.377519999999999989e+01,3.229200000000000070e+00,-2.583800000000000097e+00,9.310000000000000220e-02
-4.285400000000000098e+00,-1.032639999999999958e+01,-1.318730000000000047e+01,2.765499999999999847e+00,6.966800000000000104e+00,-1.092000000000000054e-01
-1.349750000000000050e+01,-1.114949999999999974e+01,-1.300939999999999941e+01,-1.314500000000000002e+00,3.561000000000000276e-01,-1.015999999999999959e-01
-1.029320000000000057e+01,-1.062850000000000072e+01,-1.514250000000000007e+01,-2.608800000000000008e+00,-1.543500000000000094e+00,-7.520000000000000295e-02
-1.756360000000000099e+01,-9.853099999999999525e+00,-1.298150000000000048e+01,-2.793899999999999828e+00,-7.429999999999999716e+00,-7.870000000000000606e-02
-4.930799999999999628e+00,-1.113090000000000046e+01,-1.364550000000000018e+01,1.471300000000000052e+00,-4.264999999999999902e-01,-2.232000000000000095e-01
-6.749100000000000321e+00,-1.323310000000000031e+01,-1.430840000000000067e+01,-2.255100000000000104e+00,6.057000000000000384e+00,-3.660000000000000059e-02
-2.163260000000000005e+01,-1.093479999999999919e+01,-1.433220000000000027e+01,1.693999999999999950e-01,-2.292899999999999938e+00,6.100000000000000387e-03
-6.655999999999999694e-01,-1.152190000000000047e+01,-1.399830000000000041e+01,-1.592700000000000005e+00,1.087000000000000050e-01,-2.048999999999999988e-01
-1.330770000000000053e+01,-1.024660000000000082e+01,-1.227800000000000047e+01,-1.032999999999999918e+00,-8.087799999999999656e+00,-3.209999999999999659e-02
-1.388380000000000081e+01,-1.363509999999999955e+01,-1.425849999999999973e+01,3.927599999999999980e+00,-8.178499999999999659e+00,-4.660000000000000253e-02
-9.114300000000000068e+00,-1.115029999999999966e+01,-1.324629999999999974e+01,3.219199999999999839e+00,4.410499999999999865e+00,-1.862000000000000044e-01
-1.968120000000000047e+01,-1.065690000000000026e+01,-1.317340000000000089e+01,1.128900000000000015e+00,-3.658000000000000140e-01,-1.547999999999999932e-01
-2.027199999999999847e+01,-1.221059999999999945e+01,-1.470120000000000005e+01,-1.142929999999999957e+01,2.487000000000000099e+00,1.102999999999999953e-01
-1.953490000000000038e+01,-1.181949999999999967e+01,-1.454110000000000014e+01,-5.423499999999999766e+00,8.428999999999999826e-01,1.237999999999999934e-01
-1.934159999999999968e+01,-1.076929999999999943e+01,-1.488230000000000075e+01,8.242000000000000437e-01,-1.248899999999999899e+00,-2.479999999999999913e-02
-1.415610000000000035e+01,-1.166220000000000034e+01,-1.344909999999999961e+01,7.231700000000000017e+00,7.432199999999999918e+00,-2.452999999999999903e-01
-6.400199999999999889e+00,-1.145599999999999952e+01,-1.265719999999999956e+01,3.462200000000000166e+00,2.209900000000000198e+00,-9.760000000000000620e-02
-1.036359999999999992e+01,-1.251890000000000036e+01,-1.413349999999999973e+01,-6.524200000000000443e+00,2.814799999999999969e+00,4.590000000000000330e-02
-2.613919999999999888e+01,-1.447710000000000008e+01,-1.681929999999999836e+01,-2.201299999999999812e+00,-5.050999999999999934e-01,-3.346999999999999975e-01
-1.472020000000000017e+01,-9.893000000000000682e+00,-1.277340000000000053e+01,-2.171699999999999964e+00,-8.623900000000000787e+00,-5.909999999999999976e-02
-1.581700000000000017e+01,-1.132240000000000002e+01,-1.286630000000000074e+01,-4.304700000000000415e+00,-4.974499999999999922e+00,-1.521000000000000130e-01
-3.839900000000000091e+00,-1.169449999999999967e+01,-1.468529999999999980e+01,-1.012069999999999936e+01,-5.861799999999999677e+00,-1.557999999999999940e-01
-2.014709999999999823e+01,-1.018759999999999977e+01,-1.235200000000000031e+01,-1.800899999999999945e+00,-5.480900000000000105e+00,-8.229999999999999816e-02
-7.415799999999999947e+00,-1.287299999999999933e+01,-1.364090000000000025e+01,-1.560000000000000053e+00,6.901000000000000467e-01,1.510000000000000057e-02
-1.715259999999999962e+01,-1.182600000000000051e+01,-1.401950000000000074e+01,8.329999999999999905e-02,2.354999999999999982e+00,-1.308999999999999886e-01
-8.702799999999999869e+00,-9.880000000000000782e+00,-1.371330000000000027e+01,-2.038800000000000168e+00,-3.583099999999999952e+00,-1.274000000000000132e-01
-2.005229999999999890e+01,-2.521890000000000143e+01,-2.352039999999999864e+01,-4.087000000000000077e-01,-6.428000000000000380e-01,1.353000000000000036e-01
-1.422760000000000069e+01,-1.099649999999999928e+01,-1.372330000000000005e+01,-2.273499999999999854e+00,3.214599999999999902e+00,3.889999999999999708e-02
-2.243519999999999825e+01,-1.734809999999999874e+01,-1.723460000000000036e+01,-2.296999999999999875e-01,-3.246999999999999886e-01,1.743999999999999995e-01
6.622999999999999998e-01,-1.068950000000000067e+01,-1.334680000000000000e+01,-6.299400000000000333e+00,-2.688400000000000123e+00,-1.082999999999999935e-01
-5.219000000000000306e-01,-1.124699999999999989e+01,-1.331460000000000043e+01,3.472700000000000120e+00,7.657799999999999940e+00,-1.433999999999999997e-01
-6.179999999999999716e+00,-1.065300000000000047e+01,-1.413809999999999967e+01,-6.390200000000000102e+00,6.644700000000000273e+00,4.290000000000000063e-02
-1.483559999999999945e+01,-1.104320000000000057e+01,-1.378459999999999930e+01,-8.217299999999999827e+00,-9.553499999999999659e+00,-1.771000000000000074e-01
-1.521480000000000032e+01,-9.595000000000000639e+00,-1.344449999999999967e+01,2.530899999999999928e+00,-7.763300000000000090e+00,8.190000000000000058e-02
-1.458440000000000047e+01,-1.160699999999999932e+01,-1.391719999999999935e+01,-7.839000000000000412e-01,2.545900000000000052e+00,-1.000000000000000021e-02
-2.231060000000000088e+01,-2.626760000000000161e+01,-2.592449999999999832e+01,2.494999999999999996e-01,4.354000000000000092e-01,-1.257999999999999952e-01
-1.698620000000000019e+01,-9.956099999999999284e+00,-1.427449999999999974e+01,3.257899999999999796e+00,-4.000200000000000422e+00,1.299999999999999940e-03
-1.307140000000000057e+01,-1.010500000000000043e+01,-1.297230000000000061e+01,-3.548000000000000043e-01,-4.311600000000000321e+00,-2.900000000000000147e-02
-1.332380000000000031e+01,-1.181150000000000055e+01,-1.312400000000000055e+01,-6.554100000000000037e+00,-6.184999999999999609e+00,-2.079000000000000015e-01
-1.846420000000000172e+01,-9.713300000000000267e+00,-1.314600000000000080e+01,-3.945000000000000173e-01,5.744000000000000217e-01,-8.140000000000000013e-02
-1.121260000000000012e+01,-1.106390000000000029e+01,-1.259159999999999968e+01,-1.935300000000000020e+00,-4.536000000000000032e-01,-1.025999999999999968e-01
-1.567140000000000022e+01,-1.126999999999999957e+01,-1.318329999999999913e+01,-2.986899999999999888e+00,-3.216200000000000170e+00,-2.265000000000000069e-01
-5.680500000000000327e+00,-1.271359999999999957e+01,-1.398550000000000004e+01,6.525699999999999612e+00,-6.451200000000000045e+00,7.539999999999999480e-02
-2.021780000000000044e+01,-1.040049999999999919e+01,-1.411519999999999975e+01,4.688200000000000145e+00,-4.867799999999999905e+00,9.940000000000000224e-02
-1.383939999999999948e+01,-1.099070000000000036e+01,-1.126009999999999955e+01,4.196399999999999686e+00,2.016000000000000014e+00,2.069999999999999965e-02
-4.315699999999999648e+00,-1.128420000000000023e+01,-1.392810000000000059e+01,-3.378200000000000092e+00,-1.971000000000000085e+00,-4.189999999999999974e-02
-1.123750000000000071e+01,-1.247589999999999932e+01,-1.302970000000000006e+01,1.068400000000000016e+00,-1.871899999999999897e+00,3.939999999999999752e-02
-1.228229999999999933e+01,-1.083099999999999952e+01,-1.328819999999999979e+01,3.866000000000000103e+00,4.890399999999999636e+00,-1.698000000000000065e-01
-1.166999999999999993e+01,-1.130790000000000006e+01,-1.338439999999999941e+01,-4.328500000000000014e+00,-7.409099999999999575e+00,-2.068000000000000116e-01
-3.562349999999999994e+01,-9.673099999999999810e+00,-1.496529999999999916e+01,-3.119600000000000151e+00,1.454999999999999905e-01,-7.400000000000000328e-03
-1.470270000000000010e+01,-1.270919999999999916e+01,-1.265210000000000079e+01,-2.214199999999999946e+00,1.082000000000000073e+00,-1.910000000000000031e-01
-1.157569999999999943e+01,-1.213400000000000034e+01,-1.320730000000000004e+01,-2.984799999999999898e+00,-4.489600000000000257e+00,-2.626999999999999891e-01
-9.956699999999999662e+00,-1.248869999999999969e+01,-1.329490000000000016e+01,6.164100000000000357e+00,-1.156610000000000049e+01,1.534999999999999976e-01
-1.792599999999999838e+01,-1.314090000000000025e+01,-1.383999999999999986e+01,-5.080199999999999605e+00,3.710100000000000176e+00,1.055999999999999994e-01
-9.480399999999999494e+00,-1.012059999999999960e+01,-1.241680000000000028e+01,-4.913999999999999702e+00,-2.750000000000000014e-02,-6.099999999999999867e-02
-1.572799999999999976e+01,-9.590400000000000702e+00,-1.301559999999999917e+01,-9.459999999999999520e-01,5.513200000000000323e+00,3.500000000000000333e-02
-1.223070000000000057e+01,-1.025099999999999945e+01,-1.277289999999999992e+01,-1.915599999999999969e+00,-7.300000000000000065e-03,-8.699999999999999400e-02
-1.908800000000000097e+01,-1.204160000000000075e+01,-1.412809999999999988e+01,-1.524299999999999988e+00,4.014000000000000234e+00,-1.175999999999999962e-01
-1.530400000000000027e+01,-1.222770000000000046e+01,-1.395620000000000083e+01,3.143000000000000238e-01,5.883200000000000429e+00,-4.929999999999999660e-02
-9.090500000000000469e+00,-1.085479999999999912e+01,-1.407530000000000037e+01,8.092000000000000304e-01,4.689400000000000013e+00,-1.760000000000000106e-02
-1.492319999999999958e+01,-1.197579999999999956e+01,-1.301179999999999914e+01,-1.110700000000000021e+00,2.301200000000000134e+00,1.189999999999999947e-01
-1.963789999999999836e+01,-1.016290000000000049e+01,-1.328209999999999980e+01,-2.230999999999999928e-01,-9.475999999999999979e-01,-1.371999999999999886e-01
-5.713000000000000078e+00,-1.037659999999999982e+01,-1.384839999999999982e+01,-5.458000000000000185e+00,8.271499999999999631e+00,1.471999999999999975e-01
-1.977599999999999980e+01,-1.037870000000000026e+01,-1.356349999999999945e+01,-7.206500000000000128e+00,1.108919999999999995e+01,1.706999999999999906e-01
-1.610340000000000060e+01,-1.050670000000000037e+01,-1.383220000000000027e+01,-2.839599999999999902e+00,2.413800000000000168e+00,1.511000000000000121e-01
-2.413319999999999865e+01,-1.018500000000000050e+01,-1.412240000000000073e+01,-3.873200000000000198e+00,4.729800000000000004e+00,-4.469999999999999668e-02
-1.468529999999999980e+01,-1.220539999999999914e+01,-1.253930000000000078e+01,-4.732000000000000095e-01,-1.915999999999999925e-01,-2.576999999999999846e-01
-1.067929999999999957e+01,-9.840299999999999159e+00,-1.394020000000000081e+01,2.448399999999999910e+00,3.330600000000000005e+00,-1.170999999999999958e-01
-1.495839999999999925e+01,-1.085590000000000011e+01,-1.317270000000000074e+01,1.932999999999999996e-01,1.398000000000000076e-01,-1.778000000000000136e-01
6.510000000000000508e-02,-1.030770000000000053e+01,-1.405380000000000074e+01,-1.377000000000000002e+00,3.607800000000000118e+00,-9.210000000000000131e-02
-2.928979999999999961e+01,-1.013400000000000034e+01,-1.343909999999999982e+01,-1.179499999999999993e+00,-4.384000000000000119e-01,-1.454000000000000015e-01
-7.195400000000000240e+00,-1.203229999999999933e+01,-1.541140000000000043e+01,-2.821099999999999941e+00,-4.406999999999999806e-01,-3.049999999999999933e-02
-9.744899999999999451e+00,-1.315230000000000032e+01,-1.490559999999999974e+01,5.863199999999999967e+00,4.457999999999999741e-01,-4.700000000000000185e-03
-8.378500000000000725e+00,-1.182809999999999917e+01,-1.306419999999999959e+01,-4.597100000000000186e+00,-3.505700000000000038e+00,-1.585999999999999910e-01
-9.996000000000000441e+00,-1.181610000000000049e+01,-1.307670000000000066e+01,5.805600000000000094e+00,6.225299999999999834e+00,-1.933999999999999886e-01
-8.887399999999999523e+00,-1.288250000000000028e+01,-1.445759999999999934e+01,-6.441999999999999948e-01,-2.904300000000000104e+00,2.690000000000000030e-02
-1.159149999999999991e+01,-1.082649999999999935e+01,-1.321620000000000061e+01,3.192999999999999727e-01,-6.194399999999999906e+00,-6.329999999999999516e-02
-9.274800000000000821e+00,-1.212119999999999997e+01,-1.345059999999999967e+01,-6.939899999999999736e+00,-7.131400000000000183e+00,-2.422999999999999876e-01
-2.079970000000000141e+01,-9.477000000000000313e+00,-1.347799999999999976e+01,1.809199999999999919e+00,2.246700000000000141e+00,-8.540000000000000369e-02
-2.123560000000000159e+01,-1.273700000000000010e+01,-1.367290000000000028e+01,3.432300000000000129e+00,-7.642400000000000304e+00,9.719999999999999474e-02
-1.865700000000000003e+01,-1.213369999999999926e+01,-1.409089999999999954e+01,-1.226800000000000068e+01,4.393200000000000216e+00,1.047000000000000014e-01
-6.813500000000000334e+00,-1.205749999999999922e+01,-1.357390000000000008e+01,-7.705999999999999517e-01,1.270199999999999996e+00,-7.280000000000000360e-02
-1.570950000000000024e+01,-1.111739999999999995e+01,-1.254589999999999961e+01,4.314700000000000202e+00,4.046000000000000263e+00,-1.084999999999999992e-01
-1.150000000000000050e-01,-1.159370000000000012e+01,-1.475569999999999915e+01,-4.077099999999999724e+00,-1.739300000000000068e+00,-1.380000000000000115e-01
-5.840099999999999625e+00,-1.149830000000000041e+01,-1.373370000000000068e+01,-2.116899999999999782e+00,4.572999999999999843e-01,9.900000000000000813e-03
-2.497250000000000014e+01,-1.125249999999999950e+01,-1.411860000000000070e+01,1.314899999999999958e+00,1.643999999999999906e+00,-1.411999999999999922e-01
-2.292569999999999908e+01,-1.136280000000000001e+01,-1.262509999999999977e+01,-3.386499999999999844e+00,7.003000000000000336e-01,-1.313000000000000000e-01
-2.456149999999999878e+01,-1.056470000000000020e+01,-1.398939999999999984e+01,-2.682100000000000151e+00,1.199999999999999895e-03,-2.500000000000000052e-03
-1.642830000000000013e+01,-1.041549999999999976e+01,-1.322600000000000087e+01,6.539999999999999980e-02,-5.251000000000000334e+00,-4.059999999999999720e-02
-4.631599999999999717e+00,-1.072840000000000060e+01,-1.341370000000000040e+01,-3.640800000000000036e+00,2.966800000000000104e+00,1.047000000000000014e-01
-1.697749999999999915e+01,-1.067300000000000004e+01,-1.438899999999999935e+01,-2.268899999999999917e+00,1.759600000000000053e+00,-8.699999999999999400e-02
-7.081699999999999662e+00,-1.065290000000000070e+01,-1.360389999999999944e+01,2.702999999999999847e-01,6.964000000000000190e-01,-1.650999999999999968e-01
-2.511420000000000030e+01,-1.035130000000000017e+01,-1.440349999999999930e+01,5.086199999999999832e+00,-4.471899999999999764e+00,1.199999999999999956e-01
-4.173399999999999999e+00,-1.139899999999999913e+01,-1.447139999999999915e+01,-5.360699999999999577e+00,-3.329699999999999882e+00,3.590000000000000135e-02
-9.808299999999999130e+00,-1.170609999999999928e+01,-1.420289999999999964e+01,-4.845900000000000318e+00,5.518200000000000216e+00,1.277000000000000079e-01
-1.488990000000000080e+01,-1.108999999999999986e+01,-1.371599999999999930e+01,-2.301099999999999923e+00,1.940600000000000103e+00,-1.872999999999999943e-01
-1.054250000000000043e+01,-1.089100000000000001e+01,-1.434159999999999968e+01,-4.255399999999999849e+00,4.424199999999999910e+00,1.406999999999999917e-01
-1.739999999999999991e+00,-9.879300000000000637e+00,-1.351989999999999981e+01,-4.641499999999999737e+00,-6.798799999999999955e+00,-1.217000000000000026e-01
-1.201260000000000083e+01,-1.269239999999999924e+01,-1.302480000000000082e+01,1.745000000000000107e+00,-2.833499999999999908e+00,-1.806999999999999995e-01
-5.118900000000000006e+00,-9.845399999999999707e+00,-1.399269999999999925e+01,-2.939999999999999905e-02,-2.185400000000000009e+00,-1.239999999999999991e-01
-1.936360000000000170e+01,-1.408309999999999995e+01,-1.517379999999999995e+01,2.733600000000000030e+00,1.550799999999999956e+00,-5.441000000000000281e-01
-1.041740000000000066e+01,-1.058600000000000030e+01,-1.417650000000000077e+01,4.530800000000000161e+00,-8.077400000000000801e+00,4.680000000000000132e-02
-9.947499999999999787e+00,-9.744400000000000617e+00,-1.328529999999999944e+01,-1.732900000000000107e+00,-5.010000000000000009e-01,-1.121999999999999942e-01
-2.073499999999999943e+01,-1.113020000000000032e+01,-1.448460000000000036e+01,1.870700000000000029e+00,-5.344999999999999751e-01,6.599999999999999964e-03
-1.778930000000000078e+01,-1.199770000000000003e+01,-1.323820000000000086e+01,8.218400000000000816e+00,-5.972500000000000142e+00,1.418000000000000094e-01
-1.296490000000000009e+01,-1.374959999999999916e+01,-1.385309999999999953e+01,1.811900000000000066e+00,-4.386400000000000077e+00,1.619999999999999912e-02
-1.771880000000000166e+01,-1.090869999999999962e+01,-1.394190000000000040e+01,4.099000000000000199e+00,-3.983499999999999819e+00,-1.164000000000000035e-01
-1.992530000000000001e+01,-1.087079999999999913e+01,-1.192190000000000083e+01,1.775700000000000056e+00,2.015099999999999891e+00,-3.400000000000000244e-02
-2.064430000000000121e+01,-9.437099999999999156e+00,-1.341220000000000034e+01,3.361899999999999888e+00,2.585100000000000176e+00,-4.730000000000000177e-02
-1.145459999999999923e+01,-1.197899999999999920e+01,-1.293640000000000079e+01,3.537599999999999856e+00,-9.291100000000000136e+00,1.640000000000000138e-02
-1.469089999999999918e+01,-2.305239999999999867e+01,-2.106729999999999947e+01,8.451999999999999513e-01,6.665999999999999703e-01,-7.755999999999999561e-01
-1.281969999999999921e+01,-1.153020000000000067e+01,-1.256160000000000032e+01,2.780100000000000016e+00,-2.605900000000000105e+00,-1.597000000000000086e-01
-1.378190000000000026e+01,-1.212739999999999974e+01,-1.301580000000000048e+01,-1.411799999999999944e+00,1.320400000000000018e+00,-2.318999999999999950e-01
-6.425300000000000011e+00,-1.114259999999999984e+01,-1.325229999999999997e+01,3.695899999999999963e+00,-1.875399999999999956e+00,-6.040000000000000230e-02
-2.401510000000000034e+01,-1.144780000000000086e+01,-1.420279999999999987e+01,-4.885900000000000354e+00,-2.282999999999999918e+00,-9.810000000000000664e-02
-1.567869999999999919e+01,-1.028630000000000067e+01,-1.371940000000000026e+01,-5.759999999999999842e-02,-2.966499999999999915e+00,-1.839999999999999969e-02
-6.549400000000000333e+00,-1.147739999999999938e+01,-1.385040000000000049e+01,-5.251900000000000013e+00,-5.686600000000000321e+00,-1.809000000000000052e-01
9.000000000000000000e+00,9.000000000000000000e+00,9.000000000000000000e+00,9.000000000000000000e+00,9.000000000000000000e+00,9.000000000000000000e+00
-9.730600000000000804e+00,-1.145839999999999925e+01,-1.392609999999999992e+01,-3.800600000000000200e+00,-1.111999999999999933e-01,1.370000000000000037e-02
-1.048029999999999973e+01,-1.053330000000000055e+01,-1.225910000000000011e+01,-1.287500000000000089e+00,-9.153100000000000236e+00,-6.450000000000000178e-02
-7.570199999999999818e+00,-1.055499999999999972e+01,-1.287920000000000087e+01,4.009400000000000297e+00,-8.184000000000000163e-01,-9.139999999999999514e-02
-4.917900000000000382e+00,-1.114830000000000076e+01,-1.524760000000000026e+01,-3.424999999999999822e+00,-1.413300000000000001e+00,-6.969999999999999807e-02
-1.288289999999999935e+01,-1.129840000000000089e+01,-1.323840000000000039e+01,-1.582899999999999974e+00,-5.541400000000000325e+00,-1.603999999999999870e-01
-2.240909999999999869e+01,-1.041399999999999970e+01,-1.216939999999999955e+01,-6.610299999999999621e+00,1.250399999999999956e+00,-1.490000000000000005e-02
-1.577210000000000001e+01,-1.163560000000000016e+01,-1.332259999999999955e+01,-1.614000000000000101e+00,1.897699999999999942e+00,-1.988999999999999935e-01
-2.332809999999999917e+01,-1.068350000000000044e+01,-1.385730000000000040e+01,-4.608600000000000030e+00,8.150100000000000122e+00,1.184000000000000052e-01
-1.038400000000000034e+01,-1.243950000000000067e+01,-1.308210000000000051e+01,-1.851799999999999891e+00,8.999999999999999667e-02,-1.849999999999999978e-01
6.418300000000000338e+00,-1.084009999999999962e+01,-1.295350000000000001e+01,-4.861100000000000421e+00,7.563999999999999613e-01,-5.109999999999999959e-02
-1.320250000000000057e+01,-1.139429999999999943e+01,-1.206099999999999994e+01,-1.683200000000000029e+00,3.640400000000000080e+00,-2.040000000000000147e-02
-6.152099999999999902e+00,-1.120400000000000063e+01,-1.416729999999999912e+01,-3.076099999999999834e+00,-1.821000000000000119e-01,-1.529999999999999971e-01
-1.553079999999999927e+01,-1.149329999999999963e+01,-1.254490000000000016e+01,-2.375599999999999934e+00,1.239400000000000057e+00,-1.663999999999999924e-01
-1.678920000000000101e+01,-1.091380000000000017e+01,-1.260019999999999918e+01,1.854000000000000092e+00,1.625099999999999989e+00,-5.639999999999999875e-02
-1.595609999999999928e+01,-1.126299999999999990e+01,-1.400019999999999953e+01,-7.919100000000000250e+00,-6.367200000000000415e+00,-1.607000000000000095e-01
-1.108169999999999966e+01,-1.020730000000000004e+01,-1.261129999999999995e+01,4.597299999999999720e+00,-1.305000000000000049e-01,-2.910000000000000087e-02
-1.423530000000000051e+01,-1.123339999999999961e+01,-1.451299999999999990e+01,2.091600000000000126e+00,-2.928799999999999848e+00,-1.136999999999999955e-01
-1.587710000000000043e+01,-1.055979999999999919e+01,-1.396589999999999954e+01,1.462099999999999955e+00,-6.681000000000000050e+00,5.799999999999999600e-03
-5.624200000000000088e+00,-9.433500000000000441e+00,-1.366210000000000058e+01,2.154300000000000104e+00,1.069909999999999961e+01,-7.340000000000000691e-02
-1.190970000000000084e+01,-1.052139999999999986e+01,-1.386340000000000039e+01,-1.524999999999999911e+00,2.117999999999999883e-01,-3.420000000000000123e-02
-2.186430000000000007e+01,-9.865899999999999892e+00,-1.312229999999999919e+01,3.286000000000000032e-01,-4.524899999999999700e+00,-2.249999999999999917e-02
-1.367309999999999981e+01,-1.103589999999999982e+01,-1.300689999999999991e+01,3.484599999999999920e+00,-5.958999999999999631e+00,1.852999999999999925e-01
-2.125029999999999930e+01,-1.023879999999999946e+01,-1.374970000000000070e+01,2.064999999999999891e-01,1.318300000000000027e+00,-1.658000000000000029e-01
-1.255410000000000004e+01,-9.478099999999999525e+00,-1.342409999999999926e+01,-1.105399999999999938e+00,7.454399999999999693e+00,2.960000000000000131e-02
1.187599999999999989e+00,-1.043280000000000030e+01,-1.341249999999999964e+01,4.104899999999999771e+00,4.575899999999999856e+00,-1.315999999999999948e-01
-1.419239999999999924e+01,-1.209270000000000067e+01,-1.251309999999999967e+01,2.084999999999999909e-01,8.435000000000000275e-01,-4.159999999999999809e-02
-1.875319999999999965e+01,-2.431309999999999860e+01,-2.115589999999999904e+01,-1.048000000000000043e+00,6.969999999999999529e-01,-5.735999999999999988e-01
-2.228020000000000067e+01,-1.298290000000000077e+01,-1.389300000000000068e+01,2.792999999999999927e-01,-7.720000000000000473e-02,-2.555999999999999939e-01
-2.496320000000000050e+01,-1.054529999999999923e+01,-1.462110000000000021e+01,8.677000000000000268e-01,2.727199999999999847e+00,-1.136999999999999955e-01
-2.650410000000000110e+01,-1.174540000000000006e+01,-1.344689999999999941e+01,2.518000000000000238e-01,-2.235100000000000087e+00,-7.539999999999999480e-02
-1.739300000000000068e+01,-1.186439999999999984e+01,-1.394239999999999924e+01,1.026389999999999958e+01,-6.122099999999999653e+00,8.079999999999999682e-02
6.957999999999999741e-01,-1.176159999999999961e+01,-1.443629999999999924e+01,3.907200000000000006e+00,2.010099999999999998e+00,-3.529999999999999805e-02
-1.486570000000000036e+01,-9.304299999999999571e+00,-1.330039999999999978e+01,-6.502000000000000002e-01,7.107999999999999874e-01,-2.139999999999999888e-02
-6.334299999999999820e+00,-1.104679999999999929e+01,-1.369570000000000043e+01,-2.309299999999999908e+00,1.709300000000000042e+00,-1.570000000000000007e-01
-1.703000000000000114e+01,-1.102120000000000033e+01,-1.437819999999999965e+01,4.549900000000000055e+00,-4.628800000000000026e+00,1.690000000000000113e-01
-9.860300000000000509e+00,-1.167159999999999975e+01,-1.355470000000000041e+01,2.467499999999999805e+00,1.971999999999999975e+00,-1.242000000000000048e-01
-7.544100000000000250e+00,-1.020439999999999969e+01,-1.477979999999999983e+01,5.185299999999999798e+00,-1.048599999999999977e+00,-1.003000000000000003e-01
-2.139740000000000109e+01,-1.094130000000000003e+01,-1.293769999999999953e+01,4.505600000000000271e+00,-6.066000000000000281e-01,-1.184999999999999942e-01
-1.634720000000000084e+01,-1.010280000000000022e+01,-1.413550000000000040e+01,4.002000000000000002e-01,2.662199999999999900e+00,-1.860999999999999877e-01
-8.195000000000000284e+00,-1.299959999999999916e+01,-1.385299999999999976e+01,2.715100000000000069e+00,-3.197599999999999998e+00,-3.459999999999999881e-02
-1.232109999999999950e+01,-1.083559999999999945e+01,-1.494929999999999914e+01,2.413800000000000168e+00,5.159000000000000252e-01,3.910000000000000281e-02
-2.010950000000000060e+01,-1.196000000000000085e+01,-1.311480000000000068e+01,1.519500000000000073e+00,-2.291100000000000136e+00,-1.480000000000000066e-02
9.000000000000000000e+00,9.000000000000000000e+00,9.000000000000000000e+00,9.000000000000000000e+00,9.000000000000000000e+00,9.000000000000000000e+00
-1.502069999999999972e+01,-1.207779999999999987e+01,-1.255959999999999965e+01,-9.995499999999999829e+00,-5.869100000000000428e+00,-7.480000000000000537e-02
-1.962419999999999831e+01,-1.188230000000000075e+01,-1.414819999999999922e+01,8.681999999999999718e-01,4.880200000000000315e+00,-2.850000000000000103e-02
-1.319560000000000066e+01,-1.192360000000000042e+01,-1.210410000000000075e+01,1.149799999999999933e+00,-2.686300000000000132e+00,-1.140000000000000041e-01
-7.518099999999999561e+00,-1.075430000000000064e+01,-1.320620000000000083e+01,-3.599099999999999966e+00,-7.781799999999999606e+00,-1.794000000000000039e-01
-1.174530000000000030e+01,-1.166869999999999941e+01,-1.337770000000000081e+01,-1.033800000000000052e+00,3.849000000000000199e+00,-1.660999999999999976e-01
-1.127560000000000073e+01,-1.062480000000000047e+01,-1.327689999999999948e+01,2.584099999999999842e+00,6.294999999999999929e+00,-7.380000000000000449e-02
-1.931449999999999889e+01,-1.128260000000000041e+01,-1.348949999999999960e+01,7.323400000000000354e+00,8.028700000000000614e+00,-1.179999999999999938e-01
-1.917899999999999849e+01,-1.036020000000000074e+01,-1.284660000000000046e+01,1.126600000000000046e+00,1.079199999999999937e+00,-1.575999999999999901e-01
-2.162809999999999988e+01,-1.094999999999999929e+01,-1.401350000000000051e+01,3.703800000000000203e+00,6.907199999999999562e+00,-1.416000000000000036e-01
-9.763099999999999667e+00,-1.108660000000000068e+01,-1.308530000000000015e+01,-8.500999999999999668e-01,-2.492000000000000048e-01,-1.096000000000000030e-01
-2.214160000000000039e+01,-9.364300000000000068e+00,-1.344330000000000069e+01,-1.932600000000000096e+00,-2.498200000000000198e+00,-5.489999999999999741e-02
-1.346230000000000082e+01,-1.024990000000000023e+01,-1.277860000000000085e+01,5.808999999999999719e-01,5.213799999999999990e+00,-3.919999999999999873e-02
-2.034100000000000019e+00,-1.200169999999999959e+01,-1.320270000000000010e+01,3.937999999999999834e-01,1.155799999999999939e+00,-1.683999999999999941e-01
-1.237129999999999974e+01,-1.186090000000000089e+01,-1.342869999999999919e+01,8.596000000000000307e-01,2.359999999999999945e-02,-6.099999999999999867e-02
-1.560490000000000066e+01,-2.352550000000000097e+01,-2.033289999999999864e+01,2.434000000000000052e-01,4.860999999999999766e-01,-1.008099999999999996e+00
-1.615080000000000027e+01,-2.231569999999999965e+01,-1.898320000000000007e+01,3.945000000000000173e-01,-2.952000000000000179e-01,-1.499000000000000055e-01
-1.783490000000000109e+01,-1.180419999999999980e+01,-1.402909999999999968e+01,3.625300000000000189e+00,4.590399999999999814e+00,-1.502000000000000002e-01
-1.063499999999999890e+00,-1.103720000000000034e+01,-1.310490000000000066e+01,-5.615800000000000125e+00,-6.649000000000000465e-01,6.400000000000000307e-03
-1.697350000000000136e+01,-9.110699999999999577e+00,-1.311110000000000042e+01,-1.035400000000000098e+00,7.459000000000000075e-01,-1.909999999999999892e-02
-1.501169999999999938e+01,-1.086430000000000007e+01,-1.327089999999999925e+01,-9.387999999999999678e-01,3.802000000000000046e+00,-1.789999999999999925e-02
-1.076900000000000013e+01,-1.151720000000000077e+01,-1.508699999999999974e+01,-3.632299999999999862e+00,-1.511500000000000066e+00,-9.470000000000000639e-02
-2.625479999999999947e+01,-1.037679999999999936e+01,-1.324070000000000036e+01,2.750900000000000123e+00,1.119399999999999951e+00,-1.623999999999999888e-01
-1.194100000000000072e+01,-1.162500000000000000e+01,-1.338039999999999985e+01,4.810599999999999987e+00,4.347299999999999720e+00,-2.033999999999999975e-01
-1.456199999999999939e+00,-1.053899999999999970e+01,-1.297979999999999912e+01,-3.766599999999999948e+00,-8.152000000000000357e-01,-7.220000000000000029e-02
-1.524660000000000082e+01,-1.136669999999999980e+01,-1.380599999999999916e+01,2.529100000000000126e+00,-8.871999999999999886e-01,1.411999999999999922e-01
-9.645000000000000240e-01,-1.205930000000000035e+01,-1.453359999999999985e+01,5.910099999999999909e+00,-6.143299999999999983e+00,1.444000000000000006e-01
-1.375810000000000066e+01,-1.250050000000000061e+01,-1.361340000000000039e+01,-4.262599999999999945e+00,2.223199999999999843e+00,-1.524000000000000077e-01
-4.306300000000000239e+00,-1.198440000000000083e+01,-1.238589999999999947e+01,2.713000000000000078e+00,-1.708999999999999964e-01,-1.535999999999999865e-01
-1.455330000000000013e+01,-9.471899999999999764e+00,-1.295650000000000013e+01,-7.270000000000000073e-02,-1.760000000000000106e-02,-1.379999999999999977e-02
-1.670329999999999870e+01,-1.214659999999999940e+01,-1.365230000000000032e+01,4.171000000000000263e-01,4.543499999999999872e+00,-9.599999999999999159e-03
-1.733770000000000167e+01,-1.104940000000000033e+01,-1.401089999999999947e+01,7.188299999999999912e+00,-5.829299999999999926e+00,-4.680000000000000132e-02
-9.641099999999999781e+00,-1.160229999999999961e+01,-1.328529999999999944e+01,-2.014200000000000212e+00,1.326000000000000068e+00,-2.331000000000000016e-01
-2.200240000000000151e+01,-1.177769999999999939e+01,-1.253449999999999953e+01,4.738999999999999879e-01,8.443000000000000504e-01,-1.098999999999999977e-01
-7.603999999999999648e-01,-1.045870000000000033e+01,-1.407310000000000016e+01,-1.710000000000000131e-01,2.531600000000000072e+00,4.000000000000000192e-04
-1.351399999999999935e+01,-1.038039999999999985e+01,-1.300520000000000032e+01,-5.380000000000000060e-02,-2.386999999999999955e-01,-7.939999999999999836e-02
9.000000000000000000e+00,9.000000000000000000e+00,9.000000000000000000e+00,9.000000000000000000e+00,9.000000000000000000e+00,9.000000000000000000e+00
-2.680320000000000036e+01,-9.297399999999999665e+00,-1.416409999999999947e+01,-1.784000000000000030e+00,3.370200000000000085e+00,-9.400000000000000369e-03
-2.476950000000000074e+01,-1.036519999999999975e+01,-1.364920000000000044e+01,1.992399999999999949e+00,1.562999999999999945e+00,-1.071000000000000008e-01
-9.115299999999999514e+00,-9.323700000000000543e+00,-1.326839999999999975e+01,-1.220299999999999940e+00,1.391660000000000075e+01,3.420000000000000123e-02
-1.223939999999999984e+01,-1.000939999999999941e+01,-1.340499999999999936e+01,3.190999999999999948e-01,4.895999999999999908e+00,-6.819999999999999674e-02
-1.214780000000000015e+01,-9.727499999999999147e+00,-1.543759999999999977e+01,-3.786399999999999988e+00,1.209999999999999964e-02,-2.000000000000000042e-03
-1.490910000000000046e+01,-1.002669999999999995e+01,-1.410820000000000007e+01,3.675999999999999823e-01,9.374000000000000110e-01,-8.980000000000000482e-02
-1.756459999999999866e+01,-1.137250000000000050e+01,-1.372390000000000043e+01,2.189099999999999824e+00,-1.505700000000000038e+00,2.207999999999999963e-01
-5.504500000000000171e+00,-1.197080000000000055e+01,-1.409050000000000047e+01,-3.062199999999999811e+00,1.385999999999999899e+00,-1.330999999999999961e-01
-1.485580000000000034e+01,-1.162149999999999928e+01,-1.222589999999999932e+01,1.660300000000000109e+00,-5.048700000000000188e+00,1.060000000000000005e-02
-1.777680000000000149e+01,-1.052909999999999968e+01,-1.304950000000000010e+01,-1.633799999999999919e+00,-2.975800000000000001e+00,-1.030999999999999972e-01
-1.800090000000000146e+01,-9.850699999999999790e+00,-1.450929999999999964e+01,-2.807000000000000051e-01,-9.790999999999999703e-01,-3.379999999999999671e-02
-1.282089999999999996e+01,-1.020800000000000018e+01,-1.353800000000000026e+01,5.662000000000000366e-01,-4.471899999999999764e+00,2.099999999999999870e-03
-1.548699999999999966e+00,-1.207770000000000010e+01,-1.377899999999999991e+01,2.020199999999999996e+00,5.120000000000000107e-01,-1.749999999999999889e-01
-1.352689999999999948e+01,-1.176299999999999990e+01,-1.267399999999999949e+01,1.183000000000000024e-01,7.568000000000000282e-01,-1.629999999999999852e-02
-1.169159999999999933e+01,-1.207489999999999952e+01,-1.351459999999999972e+01,2.019800000000000040e+00,1.016799999999999926e+00,7.199999999999999803e-03
-1.857529999999999859e+01,-1.010800000000000054e+01,-1.286539999999999928e+01,-1.603799999999999892e+00,-7.657499999999999751e+00,-9.539999999999999869e-02
-6.394099999999999895e+00,-1.136880000000000024e+01,-1.467999999999999972e+01,4.896099999999999675e+00,-4.922399999999999665e+00,-2.570000000000000062e-02
-1.395529999999999937e+01,-1.113969999999999949e+01,-1.314620000000000033e+01,2.134999999999999953e-01,1.107000000000000067e-01,-2.182000000000000051e-01
-2.524970000000000070e+01,-1.094929999999999914e+01,-1.362880000000000003e+01,-3.071000000000000174e+00,-2.688800000000000079e+00,-1.264000000000000123e-01
-1.135069999999999979e+01,-1.226459999999999972e+01,-1.320739999999999981e+01,1.146600000000000064e+00,-5.766000000000000014e-01,-1.917000000000000093e-01
-1.155829999999999913e+01,-1.204320000000000057e+01,-1.441740000000000066e+01,-1.231700000000000017e+00,9.171000000000000263e-01,-1.063999999999999946e-01
-2.258729999999999905e+01,-1.425880000000000081e+01,-1.493479999999999919e+01,6.862000000000000322e-01,1.594899999999999984e+00,1.739999999999999880e-02
-1.318890000000000029e+01,-1.013039999999999985e+01,-1.399959999999999916e+01,2.560099999999999820e+00,-9.167999999999999483e-01,-5.700000000000000205e-03
-9.002000000000000668e+00,-1.107249999999999979e+01,-1.334409999999999918e+01,-3.185000000000000053e+00,1.268000000000000016e+00,-1.701000000000000012e-01
-1.473109999999999964e+01,-1.128059999999999974e+01,-1.388979999999999926e+01,-8.644199999999999662e+00,-8.744300000000000850e+00,-1.766000000000000070e-01
-1.213579999999999970e+01,-9.525399999999999423e+00,-1.421969999999999956e+01,-5.019000000000000128e-01,-2.905299999999999994e+00,-1.000000000000000021e-02
-1.854329999999999856e+01,-1.101600000000000001e+01,-1.268790000000000084e+01,6.987599999999999589e+00,-4.675699999999999967e+00,2.350000000000000006e-02
-1.170199999999999996e+01,-1.114339999999999975e+01,-1.237490000000000023e+01,-2.208299999999999930e+00,-9.417999999999999705e-01,-2.800000000000000058e-02
-1.426469999999999949e+01,-1.005470000000000041e+01,-1.452459999999999951e+01,-3.830999999999999961e-01,2.786000000000000143e-01,-4.809999999999999692e-02
-2.126989999999999981e+01,-1.194359999999999999e+01,-1.288920000000000066e+01,-1.213000000000000050e-01,8.691999999999999726e-01,-2.272000000000000131e-01
-8.032500000000000639e+00,-1.084159999999999968e+01,-1.284670000000000023e+01,-2.279300000000000104e+00,-5.394099999999999895e+00,-1.129000000000000004e-01
-1.588870000000000005e+01,-2.342079999999999984e+01,-2.051989999999999981e+01,-1.829000000000000070e-01,-3.312999999999999834e-01,-5.744000000000000217e-01
-2.141280000000000072e+01,-1.115399999999999991e+01,-1.376009999999999955e+01,2.708899999999999864e+00,-2.667999999999999816e-01,-1.310000000000000053e-02
2.053000000000000103e-01,-1.312940000000000040e+01,-1.456409999999999982e+01,-7.391099999999999781e+00,1.447799999999999976e+00,2.649999999999999925e-02
-1.105760000000000076e+01,-1.135319999999999929e+01,-1.303209999999999980e+01,-3.395300000000000207e+00,-5.053300000000000125e+00,-2.023000000000000076e-01
-3.795900000000000052e+00,-9.289500000000000313e+00,-1.433039999999999914e+01,6.346000000000000529e-01,6.744699999999999918e+00,-5.920000000000000262e-02
-3.690799999999999859e+00,-1.115460000000000029e+01,-1.325019999999999953e+01,3.445300000000000029e+00,3.236400000000000166e+00,-1.208000000000000046e-01
-2.437480000000000047e+01,-1.088020000000000032e+01,-1.243069999999999986e+01,-6.720500000000000362e+00,-3.145000000000000018e+00,-5.800000000000000294e-02
-6.042300000000000004e+00,-1.112550000000000061e+01,-1.252030000000000065e+01,-3.363300000000000178e+00,-6.477000000000000535e-01,-1.236000000000000015e-01
-2.507250000000000156e+01,-9.113200000000000855e+00,-1.435190000000000055e+01,-1.130700000000000038e+00,3.658599999999999852e+00,-7.000000000000000146e-03
-1.651249999999999929e+01,-1.217660000000000053e+01,-1.286500000000000021e+01,1.132800000000000029e+00,-1.303099999999999925e+00,-2.376000000000000056e-01
-2.924100000000000144e+00,-1.018270000000000053e+01,-1.315060000000000073e+01,-4.267400000000000304e+00,-4.411800000000000388e+00,-1.335000000000000075e-01
-8.454499999999999460e+00,-1.140990000000000038e+01,-1.391130000000000067e+01,-1.215200000000000058e+00,-4.098700000000000010e+00,-6.900000000000000577e-02
-1.794369999999999976e+01,-1.217249999999999943e+01,-1.423489999999999966e+01,-5.854400000000000048e+00,6.264499999999999957e+00,3.679999999999999938e-02
9.425000000000000044e-01,-1.069219999999999970e+01,-1.287899999999999956e+01,1.888800000000000034e+00,1.123199999999999932e+01,-7.180000000000000271e-02
-2.160200000000000031e+01,-1.107249999999999979e+01,-1.228400000000000070e+01,2.775700000000000056e+00,-4.499000000000000221e-01,-8.000000000000000167e-02
-1.166869999999999941e+01,-9.082399999999999807e+00,-1.334350000000000058e+01,-7.711999999999999966e-01,-8.399999999999999481e-03,-1.060000000000000005e-02
-2.682989999999999853e+01,-1.012310000000000088e+01,-1.329620000000000068e+01,5.782899999999999707e+00,5.812000000000000277e+00,-1.444999999999999896e-01
-1.192859999999999943e+01,-1.138030000000000008e+01,-1.533980000000000032e+01,8.207900000000000418e+00,2.852999999999999980e-01,-8.200000000000000691e-03
-2.426439999999999841e+01,-1.597409999999999997e+01,-1.592600000000000016e+01,-1.225500000000000034e+00,-1.032499999999999973e+00,-6.303999999999999604e-01
-1.861309999999999931e+01,-1.192810000000000059e+01,-1.325609999999999999e+01,-1.716199999999999948e+00,4.582099999999999618e+00,-1.363999999999999935e-01
-1.887910000000000110e+01,-1.078289999999999971e+01,-1.371299999999999919e+01,-1.419899999999999940e+00,2.243399999999999839e+00,6.940000000000000335e-02
-9.774200000000000443e+00,-1.135229999999999961e+01,-1.386180000000000057e+01,-6.058600000000000207e+00,-7.198299999999999699e+00,-1.743000000000000105e-01
1.062999999999999945e+00,-1.071269999999999989e+01,-1.365370000000000061e+01,-1.625099999999999989e+00,7.949900000000000411e+00,5.090000000000000080e-02
-7.610400000000000276e+00,-9.317099999999999937e+00,-1.332530000000000037e+01,-6.779999999999999916e-02,-1.023750000000000071e+01,-2.680000000000000090e-02
-1.488269999999999982e+01,-1.105749999999999922e+01,-1.283350000000000080e+01,2.112400000000000055e+00,-2.081999999999999962e-01,-1.328999999999999904e-01
-1.736299999999999955e+01,-1.004229999999999912e+01,-1.411490000000000045e+01,3.556299999999999795e+00,-4.257100000000000328e+00,1.262000000000000066e-01
-2.178300000000000125e+01,-1.156509999999999927e+01,-1.265970000000000084e+01,9.465000000000000080e-01,6.504599999999999937e+00,-2.120000000000000009e-02
-1.328359999999999985e+01,-1.137229999999999919e+01,-1.299520000000000053e+01,4.577499999999999680e+00,5.129800000000000360e+00,-1.285000000000000031e-01
-1.017759999999999998e+01,-1.303969999999999985e+01,-1.349259999999999948e+01,-7.592299999999999827e+00,-4.776099999999999568e+00,-1.348000000000000032e-01
-2.621900000000000119e+01,-1.164020000000000010e+01,-1.285200000000000031e+01,-8.826399999999999579e+00,-5.184599999999999653e+00,-1.242000000000000048e-01
-6.576999999999999957e+00,-1.090629999999999988e+01,-1.329909999999999926e+01,-3.980300000000000171e+00,-3.596499999999999808e+00,-1.608999999999999875e-01
-2.467180000000000106e+01,-1.138809999999999967e+01,-1.175409999999999933e+01,-3.587600000000000122e+00,2.444599999999999884e+00,-1.345000000000000084e-01
-1.980409999999999826e+01,-9.240500000000000824e+00,-1.389690000000000047e+01,1.759900000000000020e+00,1.352400000000000047e+00,-8.949999999999999623e-02
-2.179670000000000130e+01,-1.054860000000000042e+01,-1.258880000000000088e+01,-2.278799999999999937e+00,-4.444200000000000372e+00,-9.909999999999999365e-02
-1.127979999999999983e+01,-1.192510000000000048e+01,-1.317539999999999978e+01,3.479200000000000070e+00,3.204099999999999948e+00,-2.048000000000000098e-01
-2.925880000000000081e+01,-1.187560000000000038e+01,-1.572080000000000055e+01,5.352000000000000091e-01,1.049600000000000088e+00,8.260000000000000675e-02
-2.025580000000000069e+01,-1.050869999999999926e+01,-1.433079999999999998e+01,1.637000000000000122e-01,-7.018999999999999684e-01,-8.840000000000000635e-02
-1.819490000000000052e+01,-1.034980000000000011e+01,-1.413679999999999914e+01,-3.156400000000000095e+00,4.366299999999999848e+00,5.990000000000000185e-02
-1.369299999999999962e+01,-1.055969999999999942e+01,-1.432750000000000057e+01,3.061300000000000132e+00,2.936700000000000088e+00,-1.539999999999999980e-01
-7.104899999999999771e+00,-1.092350000000000065e+01,-1.406250000000000000e+01,5.421400000000000219e+00,-4.492300000000000182e+00,9.900000000000000813e-03
-1.751980000000000004e+01,-9.226599999999999469e+00,-1.290029999999999966e+01,8.345000000000000195e-01,7.792900000000000382e+00,-3.830000000000000071e-02
-5.657600000000000406e+00,-1.107859999999999978e+01,-1.292140000000000022e+01,2.812199999999999811e+00,3.465700000000000003e+00,-5.970000000000000306e-02
-5.519000000000000128e+00,-1.093340000000000067e+01,-1.369630000000000081e+01,-3.014999999999999902e-01,3.095699999999999896e+00,-1.668000000000000038e-01
-2.400799999999999912e+01,-1.057879999999999932e+01,-1.377839999999999954e+01,6.626599999999999824e+00,-5.363699999999999690e+00,7.100000000000000408e-03
-1.587310000000000088e+01,-1.058840000000000003e+01,-1.307489999999999952e+01,5.010900000000000354e+00,1.355339999999999989e+01,-1.494000000000000050e-01
-1.319469999999999921e+01,-1.167070000000000007e+01,-1.415629999999999988e+01,2.841000000000000192e-01,2.614799999999999791e+00,-1.010000000000000064e-01
-2.242170000000000130e+01,-1.044740000000000002e+01,-1.393580000000000041e+01,1.286999999999999922e+00,2.475299999999999834e+00,-4.660000000000000253e-02
-1.071509999999999962e+01,-1.138700000000000045e+01,-1.316479999999999961e+01,-1.575700000000000101e+00,6.416000000000000369e+00,1.729999999999999941e-02
-1.090889999999999915e+01,-1.120190000000000019e+01,-1.413560000000000016e+01,-1.920999999999999930e-01,-1.338799999999999990e+00,-1.087999999999999939e-01
2.962600000000000122e+00,-1.000539999999999985e+01,-1.422819999999999929e+01,3.133999999999999897e+00,-5.930699999999999861e+00,5.799999999999999600e-03
-1.722159999999999869e+01,-1.106739999999999924e+01,-1.274150000000000027e+01,1.734599999999999920e+00,7.603999999999999648e-01,1.770000000000000046e-02
-1.536529999999999951e+01,-2.095400000000000063e+01,-1.929909999999999926e+01,3.333999999999999742e-01,-4.665000000000000258e-01,-1.176099999999999923e+00
1.141299999999999981e+00,-1.134140000000000015e+01,-1.264240000000000030e+01,4.380099999999999660e+00,1.724999999999999867e-01,-7.710000000000000187e-02
-1.414980000000000082e+01,-1.033789999999999942e+01,-1.484759999999999991e+01,1.554599999999999982e+00,-4.500000000000000111e-01,-1.389999999999999916e-02
-1.818029999999999902e+01,-1.035060000000000002e+01,-1.403509999999999991e+01,-4.273799999999999599e+00,2.988799999999999901e+00,-6.140000000000000319e-02
-1.587349999999999994e+01,-1.169730000000000025e+01,-1.230610000000000070e+01,4.959000000000000075e-01,1.577900000000000080e+00,6.410000000000000420e-02
-1.518360000000000021e+01,-1.196380000000000088e+01,-1.407380000000000031e+01,1.389999999999999902e+00,-2.136299999999999866e+00,8.290000000000000147e-02
-1.892630000000000123e+01,-9.745400000000000063e+00,-1.356170000000000009e+01,-1.969899999999999984e+00,2.596999999999999975e+00,2.545999999999999930e-01
-4.510900000000000354e+00,-1.135249999999999915e+01,-1.423649999999999949e+01,-1.225800000000000001e+00,-2.838099999999999845e+00,-2.120000000000000009e-02
-4.612000000000000099e+00,-1.243609999999999971e+01,-1.424479999999999968e+01,-1.497999999999999998e+00,-3.419500000000000206e+00,-1.219999999999999973e-01
4.676400000000000112e+00,-1.040939999999999976e+01,-1.358590000000000053e+01,3.664699999999999847e+00,6.207499999999999574e+00,-9.690000000000000002e-02
-1.176420000000000066e+01,-1.126370000000000005e+01,-1.381569999999999965e+01,5.554100000000000037e+00,7.566300000000000026e+00,-1.645999999999999963e-01
-2.129500000000000171e+01,-1.020260000000000034e+01,-1.349390000000000001e+01,-1.908999999999999864e-01,2.388500000000000068e+00,-1.443000000000000116e-01
-2.374970000000000070e+01,-1.115080000000000027e+01,-1.439899999999999913e+01,1.656700000000000061e+00,-2.039699999999999847e+00,9.479999999999999538e-02
-2.315940000000000154e+01,-9.854100000000000747e+00,-1.377369999999999983e+01,4.395900000000000141e+00,4.635500000000000398e+00,-1.444999999999999896e-01
-4.437199999999999811e+00,-1.113889999999999958e+01,-1.389499999999999957e+01,1.370900000000000007e+00,-1.228099999999999969e+00,-5.000000000000000104e-03
-4.314099999999999824e+00,-1.010180000000000078e+01,-1.428129999999999988e+01,-3.334000000000000075e+00,5.427100000000000257e+00,1.379999999999999977e-02
-3.180299999999999905e+00,-1.251849999999999952e+01,-1.414409999999999989e+01,3.434899999999999842e+00,-3.271999999999999797e+00,5.779999999999999721e-02
-1.325619999999999976e+01,-1.113310000000000066e+01,-1.307360000000000078e+01,5.191999999999999948e-01,4.954999999999999960e-01,-1.600000000000000033e-01
