-5.439999999999999697e-02,4.102000000000000091e-01,-9.619999999999999385e-02
1.009700000000000042e+00,1.915100000000000025e+00,2.443400000000000016e+00
-8.528999999999999915e-01,5.585999999999999854e-01,2.552000000000000046e+00
-2.864599999999999813e+00,-2.019999999999999921e-02,7.370000000000000162e-02
2.457000000000000017e-01,-7.651999999999999913e-01,6.788999999999999480e-01
2.038100000000000023e+00,1.326300000000000034e+00,1.958399999999999919e+00
8.309999999999999609e-01,1.320300000000000029e+00,2.993300000000000072e+00
-2.216600000000000126e+00,-3.701999999999999735e-01,4.632000000000000006e-01
2.701299999999999812e+00,2.056000000000000050e+00,6.488000000000000433e-01
1.083900000000000086e+00,7.380000000000000449e-02,2.921000000000000263e-01
1.201600000000000001e+00,1.036799999999999944e+00,5.303999999999999826e-01
2.294399999999999995e+00,6.836999999999999744e-01,1.460000000000000013e-02
5.605999999999999872e-01,1.637999999999999901e+00,-5.310000000000000275e-01
1.810699999999999976e+00,1.100100000000000078e+00,2.537700000000000067e+00
7.412999999999999590e-01,1.292899999999999938e+00,2.069500000000000117e+00
9.000000000000000000e+00,9.000000000000000000e+00,9.000000000000000000e+00
8.698000000000000176e-01,1.310100000000000042e+00,2.385099999999999998e+00
-2.091000000000000192e+00,5.485999999999999766e-01,1.341499999999999915e+00
-1.211699999999999999e+00,3.533999999999999919e-01,1.549099999999999921e+00
6.008000000000000007e-01,2.033700000000000063e+00,2.255199999999999871e+00
4.600000000000000200e-01,8.206999999999999851e-01,1.698199999999999932e+00
8.994999999999999662e-01,-2.525999999999999912e-01,1.559000000000000108e-01
4.254999999999999893e-01,-4.219999999999999862e-01,1.318000000000000005e-01
-5.191000000000000059e-01,6.373999999999999666e-01,9.062999999999999945e-01
2.381400000000000183e+00,1.565800000000000081e+00,2.238199999999999967e+00
-2.386699999999999822e+00,1.729899999999999993e+00,3.835000000000000075e-01
-2.740600000000000147e+00,1.360300000000000065e+00,8.984999999999999654e-01
1.297500000000000098e+00,-1.149499999999999966e+00,6.461999999999999966e-01
2.528000000000000247e-01,-1.379699999999999926e+00,2.180400000000000116e+00
-2.779999999999999805e+00,7.599999999999999811e-02,1.607299999999999951e+00
-2.044399999999999995e+00,4.920999999999999819e-01,1.161200000000000010e+00
-3.015000000000000124e+00,-1.628000000000000003e-01,1.717999999999999972e+00
-1.048200000000000021e+00,1.402400000000000091e+00,2.516900000000000137e+00
-1.499000000000000055e-01,2.466200000000000170e+00,-3.860000000000000098e-01
1.933999999999999886e-01,1.905499999999999972e+00,1.510999999999999899e+00
-2.370899999999999785e+00,-9.382000000000000339e-01,1.920199999999999907e+00
1.459300000000000042e+00,6.075000000000000400e-01,6.014000000000000457e-01
-3.710000000000000103e-02,1.688999999999999946e-01,1.042000000000000010e-01
-2.005000000000000115e-01,1.223799999999999999e+00,4.454000000000000181e-01
1.174600000000000088e+00,1.419799999999999951e+00,7.105000000000000204e-01
-4.485999999999999988e-01,2.982299999999999951e+00,4.166000000000000258e-01
-2.528999999999999915e+00,6.539000000000000368e-01,1.684199999999999919e+00
-1.258399999999999963e+00,1.652600000000000069e+00,-9.413000000000000256e-01
9.150000000000000355e-01,-2.686000000000000054e-01,3.597000000000000197e-01
9.000000000000000000e+00,9.000000000000000000e+00,9.000000000000000000e+00
-3.312699999999999978e+00,-1.569000000000000117e-01,6.219999999999999835e-02
7.393999999999999462e-01,2.610000000000000098e-01,2.116000000000000103e-01
2.213699999999999779e+00,-1.003000000000000003e-01,-6.300000000000000044e-02
3.181299999999999795e+00,2.773999999999999799e-01,1.948000000000000009e-01
1.287700000000000067e+00,3.368999999999999773e-01,3.049100000000000144e+00
-4.399000000000000132e-01,1.816699999999999982e+00,7.669000000000000261e-01
1.116900000000000004e+00,1.535800000000000054e+00,1.727899999999999991e+00
-6.085000000000000409e-01,1.549999999999999989e-01,1.716099999999999959e+00
-3.109000000000000097e-01,2.176899999999999835e+00,2.579800000000000093e+00
3.607000000000000206e-01,-1.514000000000000068e-01,4.799999999999999822e-01
2.116000000000000103e-01,-7.163000000000000478e-01,8.363000000000000433e-01
-5.120999999999999996e-01,2.067200000000000149e+00,2.478299999999999947e+00
1.002799999999999914e+00,-3.195999999999999952e-01,1.182800000000000074e+00
3.415299999999999780e+00,2.588499999999999801e+00,3.195000000000000062e-01
1.175499999999999989e+00,1.266799999999999926e+00,3.192800000000000082e+00
3.170999999999999930e-01,8.242000000000000437e-01,1.781099999999999905e+00
3.643000000000000127e-01,2.120800000000000018e+00,-1.233999999999999958e-01
2.918999999999999928e-01,2.039899999999999824e+00,1.153799999999999937e+00
-6.099999999999999867e-01,1.716900000000000093e+00,1.971799999999999997e+00
-6.550000000000000266e-02,1.540000000000000036e+00,9.714000000000000412e-01
-5.911999999999999478e-01,-1.653000000000000025e-01,2.295000000000000095e-01
1.472299999999999942e+00,4.258000000000000118e-01,9.260000000000000175e-02
-1.960000000000000075e-01,2.056500000000000217e+00,2.499800000000000022e+00
7.842000000000000082e-01,2.146100000000000119e+00,4.363000000000000211e-01
-1.004499999999999948e+00,7.753999999999999782e-01,2.389999999999999902e-01
3.916000000000000036e-01,1.969100000000000072e+00,8.215999999999999970e-01
1.577299999999999924e+00,1.741500000000000048e+00,6.259000000000000119e-01
-4.447999999999999732e-01,1.439100000000000046e+00,3.996999999999999997e-01
1.401399999999999979e+00,5.162999999999999812e-01,9.730999999999999650e-01
-3.693000000000000060e+00,-9.020000000000000240e-01,-9.455000000000000071e-01
1.773200000000000109e+00,2.148299999999999876e+00,1.907399999999999984e+00
-4.803999999999999937e-01,1.083499999999999908e+00,5.991999999999999549e-01
-1.421000000000000041e+00,-5.066000000000000503e-01,3.148000000000000242e-01
7.379000000000000004e-01,-3.951000000000000068e-01,1.822000000000000064e+00
7.648000000000000353e-01,2.059800000000000075e+00,1.693300000000000027e+00
3.113000000000000211e-01,1.098300000000000054e+00,-3.079000000000000070e-01
-9.376999999999999780e-01,1.246099999999999985e+00,1.222900000000000098e+00
-1.001999999999999974e-01,2.167800000000000171e+00,-2.844999999999999751e-01
-5.837999999999999856e-01,1.728199999999999958e+00,2.970000000000000195e+00
3.795000000000000040e-01,3.941999999999999948e-01,9.395000000000000018e-01
-1.062200000000000033e+00,3.572000000000000175e-01,2.658300000000000107e+00
2.019099999999999895e+00,-4.419000000000000150e-01,1.966699999999999893e+00
4.789999999999999813e-02,4.173000000000000043e-01,8.692999999999999616e-01
1.060999999999999943e+00,1.992799999999999905e+00,1.557800000000000074e+00
9.959999999999999964e-01,3.416000000000000147e-01,9.774000000000000465e-01
2.660699999999999843e+00,2.564099999999999824e+00,5.130000000000000115e-01
3.112899999999999778e+00,8.399999999999999481e-03,9.448999999999999622e-01
-3.617500000000000160e+00,3.131999999999999784e-01,9.596000000000000085e-01
2.291599999999999859e+00,1.054499999999999993e+00,1.336699999999999999e+00
6.743999999999999995e-01,-1.099800000000000111e+00,-7.747000000000000552e-01
3.126999999999999780e-01,3.730999999999999872e-01,2.582300000000000040e+00
5.432000000000000162e-01,2.351599999999999913e+00,2.272800000000000153e+00
2.078000000000000125e-01,-7.247000000000000108e-01,-2.296999999999999875e-01
4.121199999999999974e+00,5.836000000000000076e-01,1.879000000000000115e-01
1.910199999999999898e+00,1.227500000000000036e+00,1.266499999999999959e+00
1.890000000000000013e-02,2.960000000000000131e-02,3.104999999999999982e-01
3.119999999999999857e-02,2.681299999999999795e+00,6.598000000000000531e-01
-1.233999999999999986e+00,1.753400000000000070e+00,1.436800000000000077e+00
-2.952900000000000080e+00,-4.610000000000000209e-01,2.157999999999999918e-01
6.210999999999999854e-01,8.500000000000000611e-02,1.194000000000000061e-01
-5.500000000000000028e-02,4.396999999999999797e-01,2.608099999999999863e+00
-5.810999999999999499e-01,-3.950000000000000039e-02,-1.137999999999999984e-01
9.000000000000000000e+00,9.000000000000000000e+00,9.000000000000000000e+00
-1.861900000000000110e+00,2.096799999999999997e+00,1.832000000000000073e+00
-1.930199999999999916e+00,1.680700000000000083e+00,4.084999999999999742e-01
-3.613300000000000178e+00,9.003999999999999782e-01,7.340000000000000691e-02
-3.588999999999999968e-01,-1.405000000000000138e-01,1.125299999999999967e+00
9.000000000000000000e+00,9.000000000000000000e+00,9.000000000000000000e+00
-3.296699999999999964e+00,-1.528799999999999937e+00,-2.389600000000000168e+00
1.183899999999999952e+00,2.259199999999999875e+00,2.103699999999999903e+00
1.404600000000000071e+00,1.717700000000000005e+00,2.556299999999999795e+00
-1.996199999999999974e+00,2.627999999999999781e-01,2.815300000000000136e+00
-3.660000000000000059e-02,5.848999999999999755e-01,1.465300000000000047e+00
3.760000000000000009e-01,1.756199999999999983e+00,1.645299999999999985e+00
-4.678999999999999826e-01,5.990999999999999659e-01,1.972199999999999953e+00
-5.812000000000000499e-01,-6.268000000000000238e-01,2.291900000000000048e+00
2.062899999999999956e+00,2.924999999999999822e-01,7.684999999999999609e-01
-1.572200000000000042e+00,1.998099999999999987e+00,2.310099999999999820e+00
5.611000000000000432e-01,2.540999999999999925e-01,1.534899999999999931e+00
3.365299999999999958e+00,8.663999999999999480e-01,5.008000000000000229e-01
1.001600000000000046e+00,9.048000000000000487e-01,2.775100000000000122e+00
-1.288000000000000034e+00,5.040000000000000036e-02,9.246999999999999664e-01
-8.448999999999999844e-01,4.590000000000000191e-01,-9.066999999999999504e-01
1.284399999999999986e+00,8.985999999999999543e-01,1.140300000000000091e+00
1.028299999999999992e+00,1.884100000000000108e+00,2.122300000000000075e+00
-8.993999999999999773e-01,1.299099999999999921e+00,2.408100000000000129e+00
3.334299999999999820e+00,1.404400000000000093e+00,4.139999999999999930e-02
-3.360500000000000043e+00,1.314699999999999980e+00,3.519999999999999796e-01
-5.564000000000000057e-01,1.938099999999999934e+00,2.669900000000000162e+00
2.857299999999999951e+00,5.268000000000000460e-01,2.030499999999999972e+00
-5.260000000000000092e-02,1.806999999999999940e+00,1.589199999999999946e+00
-1.053800000000000070e+00,2.842999999999999972e+00,1.234699999999999909e+00
-6.193999999999999506e-01,1.616300000000000070e+00,1.265600000000000058e+00
3.227899999999999991e+00,1.837000000000000022e-01,3.599999999999999728e-02
-5.403999999999999915e-01,2.125300000000000189e+00,7.325000000000000400e-01
3.815999999999999948e-01,2.352599999999999802e+00,4.380999999999999894e-01
-2.195000000000000007e-01,2.792000000000000037e-01,3.585100000000000176e+00
4.032000000000000028e+00,-7.501999999999999780e-01,4.753000000000000003e-01
-1.655399999999999983e+00,1.918800000000000061e+00,7.217000000000000082e-01
6.899999999999999467e-01,1.490299999999999958e+00,1.529999999999999971e-01
3.381000000000000116e-01,2.256899999999999906e+00,4.452999999999999736e-01
-1.739999999999999880e-02,6.609000000000000430e-01,3.624400000000000066e+00
1.404800000000000049e+00,-2.829999999999999877e-02,7.527000000000000357e-01
-1.700000000000000122e-01,2.064999999999999947e+00,1.675499999999999989e+00
1.771999999999999964e-01,1.985999999999999988e+00,2.522200000000000220e+00
1.175699999999999967e+00,4.465999999999999970e-01,2.861000000000000210e-01
1.883199999999999985e+00,1.059399999999999897e+00,7.844999999999999751e-01
9.000000000000000000e+00,9.000000000000000000e+00,9.000000000000000000e+00
3.245000000000000107e-01,-1.754999999999999893e-01,-6.320000000000000617e-02
2.544099999999999806e+00,1.686299999999999910e+00,1.533400000000000096e+00
-3.783000000000000251e-01,5.240000000000000213e-01,1.159000000000000030e+00
5.530000000000000471e-01,5.232999999999999874e-01,-3.070000000000000159e-02
9.000000000000000000e+00,9.000000000000000000e+00,9.000000000000000000e+00
1.635599999999999943e+00,2.177799999999999958e+00,1.608800000000000008e+00
-8.748000000000000220e-01,2.237999999999999989e-01,3.494299999999999962e+00
-2.040500000000000203e+00,6.961000000000000520e-01,1.182900000000000063e+00
-3.269999999999999990e-02,1.468399999999999928e+00,2.232299999999999951e+00
-1.403999999999999970e-01,2.452000000000000013e-01,1.149899999999999922e+00
-2.660400000000000098e+00,1.606200000000000072e+00,1.617799999999999905e+00
2.581100000000000172e+00,2.387999999999999901e+00,1.043700000000000072e+00
2.087200000000000166e+00,7.590000000000000080e-01,2.458299999999999930e+00
-2.240600000000000147e+00,1.684800000000000075e+00,1.385099999999999998e+00
1.197999999999999954e+00,1.974299999999999944e+00,1.377299999999999969e+00
-3.364100000000000090e+00,9.134999999999999787e-01,1.015900000000000025e+00
-1.233700000000000019e+00,1.318899999999999961e+00,1.697100000000000053e+00
-4.864999999999999880e-01,1.325199999999999934e+00,2.218900000000000095e+00
-1.129000000000000004e-01,2.067600000000000104e+00,1.442099999999999937e+00
2.661799999999999944e+00,1.359299999999999953e+00,9.209000000000000519e-01
-2.008999999999999952e-01,2.053700000000000081e+00,2.388399999999999856e+00
-1.436000000000000054e-01,2.006000000000000005e-01,2.969300000000000050e+00
1.558899999999999952e+00,8.023000000000000131e-01,2.550100000000000033e+00
6.620000000000000329e-01,-2.289699999999999847e+00,1.067000000000000032e-01
-1.971999999999999864e-01,-6.994000000000000217e-01,4.788000000000000034e-01
-8.544000000000000483e-01,2.044700000000000184e+00,1.270899999999999919e+00
-2.333299999999999930e+00,4.748999999999999888e-01,7.612999999999999767e-01
1.593599999999999905e+00,1.260000000000000009e+00,1.094600000000000017e+00
8.891999999999999904e-01,2.544700000000000184e+00,-4.343000000000000194e-01
2.570000000000000062e-01,-4.519999999999999712e-02,2.450000000000000094e-02
-1.030999999999999917e+00,2.056799999999999962e+00,-3.896000000000000019e-01
-3.327999999999999847e-01,3.696999999999999731e-01,2.480999999999999872e-01
1.286999999999999922e+00,7.618000000000000327e-01,2.671899999999999942e+00
2.014299999999999979e+00,1.335499999999999909e+00,1.731600000000000028e+00
-1.502199999999999980e+00,4.773999999999999910e-01,1.286599999999999966e+00
2.498400000000000176e+00,-5.312999999999999945e-01,-9.260000000000000175e-02
-6.909999999999999476e-02,1.573299999999999921e+00,3.174000000000000155e-01
4.038999999999999813e-01,2.338799999999999990e+00,7.551999999999999824e-01
5.272000000000000020e-01,1.170900000000000052e+00,1.905100000000000016e+00
-1.592400000000000038e+00,2.346999999999999920e-01,9.643000000000000460e-01
1.246299999999999963e+00,1.288599999999999968e+00,2.376900000000000013e+00
9.000000000000000000e+00,9.000000000000000000e+00,9.000000000000000000e+00
7.227999999999999980e-01,2.094100000000000072e+00,1.461600000000000010e+00
-1.214599999999999902e+00,-9.535000000000000142e-01,-3.889999999999999708e-02
-2.907599999999999962e+00,7.105000000000000204e-01,1.677999999999999936e+00
3.897299999999999986e+00,-1.957000000000000128e-01,1.635000000000000064e-01
-6.699000000000000510e-01,2.320399999999999796e+00,2.079899999999999860e+00
-1.379599999999999937e+00,9.183000000000000052e-01,1.671899999999999942e+00
1.923899999999999944e+00,-3.110999999999999877e-01,3.338999999999999746e-01
-1.784000000000000030e-01,3.245999999999999996e-01,3.304100000000000037e+00
-2.968399999999999928e+00,1.933499999999999996e+00,-9.450000000000000067e-02
9.693000000000000504e-01,1.262199999999999989e+00,1.311700000000000088e+00
4.884000000000000008e-01,1.265999999999999903e-01,1.179799999999999960e+00
-1.126500000000000057e+00,1.577499999999999902e+00,-2.230999999999999928e-01
1.691899999999999959e+00,1.172400000000000109e+00,1.280200000000000005e+00
-2.925399999999999778e+00,1.475300000000000056e+00,4.232000000000000206e-01
1.804000000000000048e-01,1.748499999999999943e+00,1.681699999999999973e+00
-1.037900000000000045e+00,-8.054999999999999938e-01,3.820999999999999952e-01
-1.026999999999999996e-01,2.256099999999999994e+00,4.707999999999999963e-01
-4.713999999999999857e-01,2.499000000000000110e-01,1.751700000000000035e+00
4.374000000000000110e-01,3.852999999999999758e-01,1.798499999999999988e+00
2.545000000000000040e-01,1.531400000000000095e+00,2.448799999999999866e+00
1.522100000000000009e+00,2.028599999999999959e+00,2.395799999999999930e+00
1.576699999999999990e+00,-9.069000000000000394e-01,9.546999999999999931e-01
1.433999999999999997e-01,-2.878999999999999893e-01,-1.347900000000000098e+00
1.083800000000000097e+00,1.480900000000000105e+00,1.870400000000000063e+00
7.125000000000000222e-01,1.331099999999999950e+00,7.550999999999999934e-01
3.214599999999999902e+00,4.454000000000000181e-01,1.766199999999999992e+00
9.658999999999999808e-01,1.497999999999999887e-01,2.684099999999999930e+00
-1.945100000000000051e+00,1.631999999999999895e+00,1.611599999999999921e+00
-8.579999999999999849e-01,-9.566000000000000059e-01,-3.799999999999999992e-03
-7.088999999999999746e-01,-9.926000000000000378e-01,1.120200000000000085e+00
2.504999999999999893e+00,1.708800000000000097e+00,6.836999999999999744e-01
2.802999999999999936e-01,1.795500000000000096e+00,3.185000000000000053e-01
1.594600000000000017e+00,8.400999999999999579e-01,2.305600000000000094e+00
-1.467899999999999983e+00,1.703300000000000036e+00,2.836500000000000021e+00
1.793600000000000083e+00,6.411000000000000032e-01,1.836600000000000010e+00
-1.316699999999999982e+00,3.610000000000000014e-02,2.272899999999999920e+00
1.562400000000000011e+00,-1.625000000000000056e-01,2.972399999999999931e+00
6.945999999999999952e-01,3.316999999999999948e-01,3.558300000000000018e+00
1.558499999999999996e+00,-1.475500000000000034e+00,-2.616999999999999993e+00
2.632999999999999785e-01,-1.729500000000000037e+00,8.763999999999999568e-01
1.491300000000000070e+00,6.359000000000000208e-01,8.314000000000000279e-01
3.287399999999999878e+00,3.860000000000000098e-01,1.706599999999999895e+00
1.231200000000000072e+00,5.070999999999999952e-01,3.403900000000000148e+00
1.636200000000000099e+00,-4.170000000000000095e-02,1.417200000000000015e+00
-3.283199999999999896e+00,1.865399999999999947e+00,1.880300000000000082e+00
2.112099999999999866e+00,2.838200000000000056e+00,7.264000000000000457e-01
2.943499999999999783e+00,2.477999999999999925e-01,2.160200000000000120e+00
-1.738099999999999978e+00,7.398000000000000131e-01,8.115999999999999881e-01
-2.744699999999999918e+00,1.361900000000000110e+00,1.061399999999999899e+00
-2.308300000000000018e+00,1.303399999999999892e+00,1.988499999999999934e+00
1.601799999999999891e+00,9.966000000000000414e-01,1.863099999999999978e+00
3.668699999999999850e+00,4.489000000000000212e-01,1.451600000000000001e+00
-1.454000000000000015e-01,2.364700000000000024e+00,1.647799999999999931e+00
-4.048999999999999821e-01,1.188399999999999901e+00,3.200499999999999901e+00
-9.478999999999999648e-01,1.164700000000000069e+00,-1.338000000000000023e-01
-2.112699999999999800e+00,-5.887999999999999901e-01,1.189899999999999958e+00
1.011500000000000066e+00,7.379000000000000004e-01,1.413300000000000001e+00
3.264000000000000234e-01,3.442999999999999949e-01,3.596499999999999808e+00
-4.156000000000000250e-01,1.195699999999999985e+00,3.513000000000000012e-01
8.683999999999999497e-01,2.257600000000000051e+00,2.520599999999999952e+00
-2.249299999999999855e+00,2.790500000000000203e+00,5.835000000000000187e-01
-3.128000000000000225e-01,9.085999999999999632e-01,-9.900000000000000813e-03
-4.811000000000000276e-01,1.728299999999999947e+00,1.839199999999999946e+00
6.882000000000000339e-01,1.700599999999999890e+00,2.790000000000000119e-02
1.079499999999999904e+00,4.229999999999999732e-02,1.544999999999999984e-01
1.400500000000000078e+00,1.068200000000000038e+00,8.010000000000000453e-01
9.182000000000000162e-01,2.912900000000000045e+00,6.451000000000000068e-01
-2.455299999999999816e+00,-7.227000000000000091e-01,1.500599999999999934e+00
5.281000000000000139e-01,5.493000000000000105e-01,1.648000000000000020e-01
3.760999999999999899e-01,2.154000000000000081e-01,3.165999999999999925e-01
-1.560599999999999987e+00,1.061500000000000110e+00,9.594000000000000306e-01
-2.689499999999999780e+00,1.668700000000000072e+00,2.332800000000000207e+00
-4.501999999999999891e-01,2.926000000000000267e-01,1.299800000000000066e+00
-9.838000000000000078e-01,9.435000000000000053e-01,2.706599999999999895e+00
-1.365999999999999992e-01,1.796999999999999931e+00,3.296999999999999931e-01
1.373199999999999976e+00,2.258199999999999985e+00,2.114199999999999857e+00
-2.550499999999999989e+00,1.986999999999999877e-01,2.317000000000000171e+00
8.211000000000000520e-01,2.269000000000000128e+00,-4.607999999999999874e-01
1.097699999999999898e+00,-2.748999999999999777e-01,1.194600000000000106e+00
-6.579999999999999738e-02,1.690399999999999903e+00,1.244599999999999929e+00
8.106999999999999762e-01,6.260000000000000009e-01,3.512000000000000011e+00
-2.565599999999999881e+00,7.699999999999999900e-02,-1.465200000000000058e+00
-1.856800000000000006e+00,5.804000000000000270e-01,1.775700000000000056e+00
-1.064899999999999958e+00,3.255000000000000115e-01,1.550999999999999879e-01
1.401899999999999924e+00,1.189699999999999980e+00,2.895300000000000207e+00
3.699000000000000066e-01,1.370100000000000096e+00,-7.093000000000000416e-01
2.429999999999999868e-02,2.033300000000000107e+00,2.061599999999999877e+00
1.407299999999999995e+00,-7.082000000000000517e-01,4.653999999999999804e-01
-1.360800000000000010e+00,1.740899999999999892e+00,2.291700000000000070e+00
9.972999999999999643e-01,1.532200000000000006e+00,2.641199999999999992e+00
1.915000000000000036e+00,1.079299999999999926e+00,7.309999999999999831e-01
-1.052400000000000002e+00,3.292100000000000026e+00,1.135999999999999899e+00
2.104999999999999927e-01,-3.810000000000000192e-02,1.471400000000000041e+00
-7.587000000000000410e-01,1.889799999999999924e+00,1.125999999999999890e+00
8.717000000000000304e-01,1.552400000000000002e+00,1.099299999999999944e+00
3.101999999999999869e+00,1.336200000000000054e+00,1.363099999999999978e+00
-7.447000000000000286e-01,2.619200000000000195e+00,8.092000000000000304e-01
1.192299999999999915e+00,1.806400000000000006e+00,1.734900000000000109e+00
-1.854899999999999993e+00,2.526299999999999990e+00,1.769200000000000106e+00
-1.485200000000000076e+00,6.320000000000000617e-02,5.366999999999999549e-01
1.071600000000000108e+00,7.788000000000000478e-01,4.197000000000000175e-01
2.843799999999999883e+00,-6.380000000000000115e-01,8.374000000000000332e-01
1.511700000000000044e+00,1.842100000000000071e+00,1.719700000000000006e+00
-5.860999999999999543e-01,2.093599999999999905e+00,1.139699999999999935e+00
-3.191800000000000193e+00,1.081399999999999917e+00,1.036799999999999944e+00
7.491999999999999771e-01,5.142999999999999794e-01,6.761000000000000343e-01
-3.130000000000000143e-02,1.778000000000000025e+00,-6.350000000000000089e-01
-8.520999999999999686e-01,-1.017800000000000038e+00,4.309999999999999942e-01
3.392799999999999816e+00,5.123999999999999666e-01,2.144899999999999807e+00
-1.492799999999999905e+00,7.612999999999999767e-01,1.852000000000000091e+00
2.648499999999999854e+00,1.305299999999999905e+00,5.816000000000000059e-01
2.285400000000000098e+00,1.683200000000000029e+00,1.096700000000000008e+00
-1.205100000000000060e+00,-7.220999999999999641e-01,-7.421999999999999709e-01
1.992399999999999949e+00,-1.494899999999999896e+00,8.260999999999999455e-01
1.544499999999999984e+00,9.146999999999999575e-01,1.309199999999999919e+00
-2.060900000000000176e+00,1.608000000000000096e+00,1.830200000000000049e+00
7.453999999999999515e-01,3.815999999999999948e-01,1.453899999999999970e+00
-1.346999999999999864e-01,2.620000000000000107e-02,3.436599999999999877e+00
9.207999999999999519e-01,2.690000000000000030e-02,-6.421999999999999931e-01
-2.311999999999999889e-01,-1.324400000000000022e+00,1.245400000000000063e+00
-4.993000000000000216e-01,-9.881999999999999673e-01,9.351000000000000423e-01
3.788000000000000256e-01,3.337000000000000188e+00,2.295000000000000095e-01
-1.165499999999999980e+00,-7.191999999999999504e-01,-6.400000000000000133e-01
7.660000000000000142e-01,-7.049999999999999323e-02,5.813000000000000389e-01
-1.757800000000000029e+00,9.018000000000000460e-01,2.770599999999999952e+00
-1.081299999999999928e+00,1.654199999999999893e+00,2.807000000000000051e-01
-2.761299999999999866e+00,2.777999999999999914e-01,5.271000000000000130e-01
-1.668900000000000050e+00,-4.758999999999999897e-01,5.280000000000000249e-01
-8.255000000000000115e-01,-3.215599999999999792e+00,1.282000000000000084e-01
1.775400000000000089e+00,-9.050000000000000266e-01,7.519000000000000128e-01
5.256999999999999451e-01,-6.934000000000000163e-01,9.244999999999999885e-01
1.137000000000000011e+00,2.080400000000000027e+00,1.960599999999999898e+00
1.752199999999999980e+00,1.090300000000000047e+00,1.133099999999999996e+00
1.044499999999999984e+00,9.990000000000000269e-02,8.038999999999999480e-01
-1.047000000000000014e-01,3.041700000000000070e+00,5.305999999999999606e-01
1.917999999999999983e-01,4.153000000000000025e-01,3.348800000000000221e+00
1.374900000000000011e+00,2.757000000000000006e-01,2.638300000000000090e+00
5.472000000000000197e-01,3.998999999999999777e-01,2.965999999999999748e-01
-8.264000000000000234e-01,2.913000000000000034e-01,7.660000000000000142e-01
4.828999999999999959e-01,1.679100000000000037e+00,2.694500000000000117e+00
1.493900000000000006e+00,2.148000000000000131e+00,1.153100000000000014e+00
-4.924999999999999933e-01,7.569000000000000172e-01,2.243799999999999795e+00
1.578000000000000069e+00,2.681500000000000217e+00,1.732799999999999896e+00
1.881599999999999939e+00,1.672400000000000109e+00,8.528999999999999915e-01
9.143999999999999906e-01,1.536100000000000021e+00,1.006999999999999895e+00
3.186999999999999833e+00,8.810999999999999943e-01,3.124000000000000110e-01
-3.719599999999999795e+00,5.868999999999999773e-01,1.445300000000000029e+00
3.744999999999999996e-01,-8.224000000000000199e-01,1.314400000000000013e+00
9.001000000000000112e-01,1.559600000000000097e+00,2.544399999999999995e+00
2.376900000000000013e+00,1.683899999999999952e+00,1.999400000000000066e+00
1.888700000000000045e+00,2.045199999999999907e+00,1.026200000000000001e+00
1.220699999999999896e+00,1.514299999999999979e+00,2.411200000000000010e+00
-1.873399999999999954e+00,1.302200000000000024e+00,1.272999999999999965e-01
-4.566999999999999948e-01,-8.550999999999999712e-01,2.144400000000000084e+00
1.918400000000000105e+00,1.570500000000000007e+00,1.571499999999999897e+00
-1.175599999999999978e+00,-2.179999999999999993e-02,4.566999999999999948e-01
-1.461999999999999966e+00,1.596500000000000030e+00,5.334999999999999742e-01
-3.088099999999999845e+00,-6.799999999999999621e-03,1.046799999999999953e+00
-2.047099999999999920e+00,2.212899999999999867e+00,7.688000000000000389e-01
2.144000000000000072e-01,9.764000000000000457e-01,7.268000000000000016e-01
-8.597000000000000197e-01,2.896999999999999797e+00,1.475999999999999979e+00
-1.165000000000000036e+00,9.950999999999999845e-01,2.053700000000000081e+00
-2.097700000000000120e+00,-1.062200000000000033e+00,9.086999999999999522e-01
-1.740899999999999892e+00,-1.423699999999999966e+00,-3.200000000000000153e-03
2.251399999999999846e+00,9.050000000000000266e-01,1.601199999999999957e+00
9.751999999999999558e-01,2.415900000000000158e+00,8.308999999999999719e-01
5.606999999999999762e-01,5.099000000000000199e-01,3.289899999999999824e+00
2.789499999999999869e+00,1.280899999999999928e+00,-1.388999999999999957e-01
1.288499999999999979e+00,2.898000000000000020e-01,1.560599999999999987e+00
-9.992999999999999661e-01,1.059800000000000075e+00,6.125000000000000444e-01
9.730999999999999650e-01,2.529999999999999957e-02,2.795300000000000118e+00
-9.265999999999999792e-01,1.832000000000000073e+00,1.959500000000000020e+00
9.512000000000000455e-01,1.262000000000000011e+00,2.298700000000000188e+00
-1.672900000000000054e+00,2.630000000000000115e-01,2.201299999999999812e+00
1.799999999999999951e-03,1.412900000000000045e+00,-2.980999999999999761e-01
-1.937000000000000111e-01,7.260999999999999677e-01,1.094100000000000072e+00
-5.430000000000000104e-02,4.117999999999999994e-01,1.547999999999999932e-01
1.521400000000000086e+00,1.482900000000000107e+00,1.824100000000000055e+00
-6.120999999999999774e-01,-1.295099999999999918e+00,-1.370500000000000052e+00
5.745000000000000107e-01,4.067999999999999949e-01,1.882400000000000073e+00
1.063900000000000068e+00,1.559700000000000086e+00,2.790099999999999802e+00
1.403200000000000003e+00,2.051000000000000156e+00,5.249000000000000332e-01
-1.584999999999999964e+00,2.847399999999999931e+00,1.375599999999999934e+00
2.892100000000000115e+00,1.393599999999999950e+00,8.353000000000000425e-01
-1.974800000000000111e+00,2.116800000000000015e+00,6.783000000000000140e-01
-8.858000000000000318e-01,6.414999999999999591e-01,-1.686999999999999889e-01
9.545000000000000151e-01,4.364999999999999991e-01,-1.779999999999999985e-02
1.502299999999999969e+00,1.156500000000000083e+00,1.798300000000000010e+00
2.105300000000000171e+00,1.718099999999999961e+00,1.717100000000000071e+00
5.486999999999999655e-01,5.114999999999999547e-01,3.461699999999999999e+00
-2.500999999999999890e-01,8.524000000000000465e-01,2.748899999999999899e+00
-1.004099999999999993e+00,2.360199999999999854e+00,1.464900000000000091e+00
9.000000000000000000e+00,9.000000000000000000e+00,9.000000000000000000e+00
-9.769999999999999796e-01,9.878000000000000114e-01,5.724000000000000199e-01
1.994799999999999907e+00,-8.626000000000000334e-01,8.270999999999999464e-01
1.801000000000000101e-01,1.773000000000000131e-01,7.019999999999999851e-02
2.338699999999999779e+00,7.844999999999999751e-01,1.126800000000000024e+00
-7.852000000000000091e-01,2.304600000000000204e+00,2.317000000000000171e+00
6.707999999999999519e-01,-4.022000000000000020e-01,-1.548200000000000021e+00
-1.633299999999999974e+00,1.082100000000000062e+00,2.238599999999999923e+00
-1.028699999999999948e+00,1.782100000000000017e+00,1.812200000000000033e+00
-7.570999999999999952e-01,2.456100000000000172e+00,5.187000000000000499e-01
5.974000000000000421e-01,-7.386000000000000343e-01,2.174999999999999989e-01
-6.453999999999999737e-01,2.392300000000000093e+00,1.399699999999999944e+00
-1.673999999999999932e+00,1.751900000000000013e+00,1.390000000000000124e-01
2.197400000000000020e+00,1.925300000000000011e+00,1.436399999999999899e+00
-6.410000000000000420e-02,9.579999999999999627e-02,3.351500000000000146e+00
1.175300000000000011e+00,4.571999999999999953e-01,1.711000000000000076e+00
6.119999999999999885e-01,8.830000000000000349e-02,1.264100000000000001e+00
-1.817900000000000071e+00,9.961999999999999744e-01,1.092999999999999972e+00
9.267999999999999572e-01,-2.680000000000000090e-02,1.002499999999999947e+00
7.215000000000000302e-01,-1.045700000000000074e+00,2.179800000000000182e+00
-2.203500000000000014e+00,2.313899999999999846e+00,-6.019999999999999657e-02
-9.912999999999999590e-01,2.854999999999999760e-01,7.185000000000000275e-01
1.066899999999999959e+00,8.626000000000000334e-01,2.773699999999999832e+00
2.119200000000000195e+00,-2.141000000000000125e-01,1.414900000000000047e+00
7.775999999999999579e-01,-7.892000000000000126e-01,1.290399999999999991e+00
6.139999999999999902e-01,5.459000000000000519e-01,1.795900000000000052e+00
1.788699999999999957e+00,1.635399999999999965e+00,1.294599999999999973e+00
-2.722300000000000164e+00,5.426999999999999602e-01,-2.842999999999999972e+00
-1.108999999999999986e+00,1.907999999999999974e-01,1.924299999999999899e+00
9.386999999999999789e-01,3.971000000000000085e-01,6.479999999999999649e-02
-1.072799999999999976e+00,-2.466000000000000136e-01,-1.812999999999999889e-01
-1.791099999999999914e+00,1.606200000000000072e+00,7.748000000000000442e-01
-9.470000000000000639e-02,1.860200000000000076e+00,1.007500000000000062e+00
-7.399999999999999911e-01,-6.961000000000000520e-01,7.639000000000000234e-01
1.605099999999999971e+00,7.729000000000000314e-01,4.449999999999999789e-02
-8.550000000000000655e-02,2.841800000000000104e+00,5.890000000000000097e-02
4.536999999999999922e-01,1.800100000000000033e+00,2.274700000000000166e+00
3.437000000000000055e-01,-1.249200000000000088e+00,1.700299999999999923e+00
-2.333999999999999964e-01,2.299799999999999844e+00,2.682399999999999896e+00
2.268800000000000150e+00,-1.443000000000000116e-01,7.530000000000000582e-02
-1.988499999999999934e+00,1.135199999999999987e+00,1.836300000000000043e+00
7.885999999999999677e-01,2.051200000000000134e+00,1.248999999999999971e-01
-1.306599999999999984e+00,2.603200000000000180e+00,1.961100000000000065e+00
-4.111000000000000210e-01,2.259700000000000042e+00,1.171999999999999931e+00
9.453000000000000291e-01,-1.735899999999999999e+00,-1.927400000000000002e+00
9.979999999999999982e-02,-6.621000000000000218e-01,-1.447599999999999998e+00
3.665999999999999814e-01,-2.780000000000000249e-01,1.230399999999999938e+00
1.305299999999999905e+00,5.215999999999999526e-01,3.142700000000000049e+00
6.569999999999999452e-02,-1.006399999999999961e+00,1.510199999999999987e+00
-3.197799999999999976e+00,1.047700000000000076e+00,8.592999999999999527e-01
1.676099999999999923e+00,3.343999999999999750e-01,1.963100000000000067e+00
-1.514499999999999957e+00,2.226700000000000124e+00,1.675400000000000000e+00
1.035999999999999976e-01,7.860000000000000320e-02,9.622000000000000552e-01
-9.777000000000000135e-01,-8.474000000000000421e-01,2.738500000000000156e+00
3.505599999999999827e+00,2.424700000000000077e+00,-2.808999999999999830e-01
-2.588799999999999990e+00,1.900000000000000022e-01,2.404599999999999849e+00
2.106999999999999984e-01,1.300599999999999978e+00,2.328199999999999825e+00
1.289900000000000047e+00,4.384000000000000119e-01,3.400500000000000078e+00
-1.063299999999999912e+00,1.574999999999999956e+00,1.345800000000000107e+00
-2.265999999999999959e-01,2.837400000000000144e+00,1.907299999999999995e+00
-2.202399999999999913e+00,1.081399999999999917e+00,2.729499999999999815e+00
6.734999999999999876e-01,2.041000000000000036e-01,5.546999999999999709e-01
1.796599999999999975e+00,1.291400000000000103e+00,2.020599999999999952e+00
1.955999999999999961e+00,2.600699999999999790e+00,-3.371000000000000107e-01
1.119699999999999918e+00,1.307700000000000085e+00,6.872000000000000330e-01
9.000000000000000000e+00,9.000000000000000000e+00,9.000000000000000000e+00
-4.485000000000000098e-01,-2.106000000000000094e-01,1.097000000000000058e-01
-2.328599999999999781e+00,3.580999999999999739e-01,3.145000000000000018e-01
-2.399999999999999790e-03,6.328000000000000291e-01,4.822000000000000175e-01
-1.606100000000000083e+00,3.106999999999999762e-01,2.714300000000000157e+00
-8.551999999999999602e-01,1.712499999999999911e+00,2.401400000000000201e+00
2.864100000000000090e+00,9.080000000000000293e-01,1.958399999999999919e+00
-9.986000000000000432e-01,1.277099999999999902e+00,1.418400000000000105e+00
7.458000000000000185e-01,-2.245000000000000051e-01,5.675999999999999934e-01
-1.064400000000000013e+00,1.464000000000000024e-01,3.124000000000000110e-01
3.415799999999999947e+00,-7.822999999999999954e-01,1.028499999999999970e+00
-8.427000000000000046e-01,-1.655999999999999972e-01,1.507300000000000084e+00
-3.764000000000000123e-01,2.101500000000000146e+00,2.069799999999999862e+00
-1.567499999999999893e+00,1.972699999999999898e+00,1.203300000000000036e+00
-1.393399999999999972e+00,1.108100000000000085e+00,5.735999999999999988e-01
-1.323099999999999943e+00,1.507100000000000106e+00,1.245700000000000029e+00
-4.848999999999999977e-01,2.609999999999999876e+00,8.496000000000000218e-01
-3.603000000000000091e-01,5.313999999999999835e-01,1.158400000000000096e+00
-2.290000000000000091e-01,2.281699999999999839e+00,1.429699999999999971e+00
-4.966999999999999749e-01,2.109999999999999876e+00,-1.013400000000000079e+00
-1.269300000000000095e+00,-1.661299999999999999e+00,5.424999999999999822e-01
3.612000000000000210e-01,-4.189999999999999836e-01,3.685999999999999832e-01
3.121999999999999775e-01,-1.001400000000000068e+00,1.832899999999999974e+00
-1.753800000000000026e+00,2.944999999999999840e-01,2.673700000000000188e+00
-1.262699999999999934e+00,-1.640000000000000138e-02,1.366200000000000081e+00
-1.137899999999999912e+00,-4.768000000000000016e-01,3.105999999999999872e-01
-1.242199999999999971e+00,1.303800000000000070e+00,1.356899999999999995e+00
1.836600000000000010e+00,2.383700000000000152e+00,7.813999999999999835e-01
7.510000000000000009e-02,4.510000000000000120e-02,1.332000000000000073e+00
-1.175200000000000022e+00,2.052599999999999980e+00,2.119299999999999962e+00
-1.209000000000000075e+00,6.761000000000000343e-01,8.345000000000000195e-01
-1.053500000000000103e+00,-3.111999999999999766e-01,6.136000000000000343e-01
-1.144600000000000062e+00,-7.465000000000000524e-01,4.400000000000000265e-03
-2.313200000000000145e+00,1.096000000000000030e-01,8.434000000000000385e-01
8.359999999999999376e-02,-8.570999999999999730e-01,-1.812999999999999889e-01
1.694800000000000084e+00,1.669499999999999984e+00,1.323099999999999943e+00
3.799999999999999992e-03,2.210100000000000176e+00,2.657200000000000006e+00
1.815299999999999914e+00,1.670900000000000052e+00,-7.637000000000000455e-01
3.224099999999999966e+00,-6.683000000000000052e-01,4.673999999999999821e-01
-1.733300000000000063e+00,2.347700000000000120e+00,9.505000000000000115e-01
-6.592999999999999972e-01,1.645999999999999963e-01,2.948999999999999844e+00
-4.748899999999999899e+00,1.009200000000000097e+00,6.079999999999999849e-01
1.404700000000000060e+00,2.343100000000000183e+00,1.965600000000000014e+00
2.265000000000000069e-01,-1.651499999999999968e+00,-4.102999999999999980e-01
2.142999999999999905e-01,3.272299999999999986e+00,1.121499999999999941e+00
9.825000000000000400e-01,-2.737999999999999878e-01,2.561199999999999921e+00
-1.679699999999999971e+00,6.284999999999999476e-01,2.370299999999999851e+00
-3.543699999999999850e+00,9.865000000000000435e-01,3.350000000000000200e-01
-9.816000000000000281e-01,5.328000000000000513e-01,2.837800000000000100e+00
9.000000000000000000e+00,9.000000000000000000e+00,9.000000000000000000e+00
-2.740000000000000213e-01,2.110899999999999999e+00,2.413400000000000212e+00
3.735500000000000043e+00,1.313999999999999890e-01,1.517200000000000104e+00
2.422999999999999876e-01,7.763999999999999790e-01,2.194100000000000161e+00
-1.161200000000000010e+00,8.449999999999999734e-01,2.332699999999999996e+00
5.369000000000000439e-01,2.064999999999999891e-01,2.882299999999999862e+00
-7.322999999999999510e-01,-8.532999999999999474e-01,1.303099999999999925e+00
2.666799999999999837e+00,6.040999999999999703e-01,1.381000000000000005e+00
1.357599999999999918e+00,8.745000000000000551e-01,5.273999999999999799e-01
7.149999999999999412e-02,5.476999999999999647e-01,2.826000000000000179e-01
-2.813000000000000167e+00,2.330400000000000027e+00,4.854999999999999871e-01
2.073900000000000077e+00,1.770199999999999996e+00,9.983999999999999542e-01
1.404199999999999893e+00,1.045900000000000052e+00,1.216199999999999948e+00
3.362000000000000099e+00,1.031500000000000083e+00,4.970999999999999863e-01
1.274399999999999977e+00,1.310300000000000020e+00,2.840599999999999792e+00
8.860999999999999988e-01,-3.901000000000000023e-01,-2.419999999999999929e-02
2.380799999999999805e+00,1.604100000000000081e+00,1.937899999999999956e+00
1.345999999999999974e-01,2.240299999999999958e+00,1.656900000000000039e+00
-2.473800000000000221e+00,1.526299999999999990e+00,7.090999999999999526e-01
-1.181999999999999995e-01,2.560200000000000031e+00,2.376999999999999946e-01
-1.189000000000000057e+00,2.078100000000000058e+00,2.233000000000000096e+00
1.740499999999999936e+00,1.401000000000000023e+00,2.498699999999999921e+00
-1.306999999999999940e+00,7.707000000000000517e-01,1.184900000000000064e+00
1.433599999999999985e+00,4.904000000000000026e-01,-4.190999999999999726e-01
1.817000000000000004e-01,-2.660000000000000142e-01,6.650000000000000355e-01
-9.273000000000000131e-01,1.129599999999999937e+00,1.573600000000000110e+00
-2.043299999999999894e+00,2.068000000000000116e-01,3.036000000000000032e+00
-2.487600000000000033e+00,-3.567000000000000171e-01,1.303800000000000070e+00
2.792600000000000193e+00,8.000000000000000444e-01,2.671400000000000219e+00
-1.459200000000000053e+00,2.161500000000000199e+00,2.258700000000000152e+00
-1.674500000000000099e+00,1.361599999999999921e+00,3.674999999999999933e-01
2.969999999999999862e-01,2.730700000000000127e+00,2.565000000000000058e-01
5.978999999999999870e-01,-4.304999999999999938e-01,9.212000000000000188e-01
-1.361399999999999944e+00,6.489000000000000323e-01,1.635000000000000009e+00
8.490000000000000324e-02,-1.406000000000000028e-01,1.501000000000000112e-01
-4.309999999999999942e-02,1.701999999999999902e-01,1.266499999999999959e+00
-1.262599999999999945e+00,-1.216800000000000104e+00,7.711000000000000076e-01
7.532999999999999696e-01,3.687000000000000277e-01,1.913300000000000001e+00
-4.067999999999999949e-01,2.146999999999999797e+00,2.298900000000000166e+00
1.383000000000000063e-01,-4.903000000000000136e-01,7.406000000000000361e-01
1.242199999999999971e+00,2.886899999999999800e+00,1.717300000000000049e+00
1.766999999999999960e-01,1.051399999999999890e+00,1.697699999999999987e+00
-2.360899999999999999e+00,6.238000000000000211e-01,1.325800000000000090e+00
3.059000000000000052e-01,1.012399999999999967e+00,1.123699999999999921e+00
9.000000000000000000e+00,9.000000000000000000e+00,9.000000000000000000e+00
-6.898999999999999577e-01,9.192000000000000171e-01,1.990000000000000102e-01
-1.282000000000000084e-01,2.666999999999999815e+00,1.335299999999999931e+00
2.722300000000000164e+00,8.648000000000000131e-01,1.287500000000000089e+00
1.574100000000000055e+00,2.643400000000000194e+00,3.441000000000000170e-01
-9.935000000000000497e-01,1.968000000000000027e-01,2.060999999999999943e+00
1.188299999999999912e+00,-4.172000000000000153e-01,1.548499999999999988e+00
-1.346999999999999864e-01,2.071899999999999853e+00,2.221600000000000019e+00
2.757899999999999796e+00,2.012199999999999989e+00,6.250999999999999890e-01
-2.474099999999999966e+00,2.357099999999999973e+00,1.758099999999999996e+00
8.568000000000000060e-01,-1.431999999999999940e+00,1.701600000000000001e+00
2.610100000000000087e+00,1.055500000000000105e+00,1.108999999999999986e-01
-8.844999999999999529e-01,-5.725999999999999979e-01,1.537300000000000111e+00
-1.736000000000000043e-01,2.202599999999999891e+00,1.774899999999999922e+00
-1.799999999999999951e-03,9.216999999999999638e-01,-2.863999999999999879e-01
-7.338999999999999968e-01,2.876100000000000101e+00,2.053500000000000103e+00
3.304499999999999993e+00,1.232499999999999929e+00,3.986999999999999988e-01
1.094400000000000039e+00,-1.739999999999999880e-02,1.620700000000000029e+00
4.753000000000000003e-01,2.172099999999999920e+00,9.729999999999999760e-01
-4.800000000000000100e-02,-2.775000000000000244e-01,1.461000000000000076e-01
4.050000000000000128e-02,-5.220000000000000195e-01,1.609900000000000109e+00
2.306299999999999795e+00,1.021300000000000097e+00,4.330999999999999850e-01
1.843499999999999917e+00,1.137499999999999956e+00,7.338999999999999968e-01
-3.783000000000000251e-01,1.527600000000000069e+00,9.645000000000000240e-01
-1.386800000000000033e+00,6.372999999999999776e-01,2.224200000000000177e+00
1.597000000000000086e-01,1.466299999999999937e+00,2.001199999999999868e+00
-2.348800000000000221e+00,2.183100000000000041e+00,1.008099999999999996e+00
-1.426500000000000101e+00,5.500000000000000028e-02,2.937100000000000044e+00
-1.201799999999999979e+00,-1.000000000000000021e-02,1.455200000000000049e+00
-5.185999999999999499e-01,5.917000000000000037e-01,1.003700000000000037e+00
4.854999999999999871e-01,8.262000000000000455e-01,2.353999999999999981e-01
5.653000000000000247e-01,2.015499999999999847e+00,3.031200000000000117e+00
-2.700000000000000143e-03,1.329800000000000093e+00,2.103200000000000180e+00
-1.218499999999999917e+00,3.663000000000000145e-01,-3.910000000000000281e-02
3.965000000000000191e-01,1.205200000000000049e+00,3.140400000000000080e+00
-1.080300000000000038e+00,1.110200000000000076e+00,2.271700000000000053e+00
2.149300000000000210e+00,-7.466000000000000414e-01,1.520899999999999919e+00
6.888999999999999568e-01,2.236699999999999910e+00,1.822400000000000020e+00
9.000000000000000000e+00,9.000000000000000000e+00,9.000000000000000000e+00
4.930999999999999828e-01,4.850999999999999757e-01,6.885000000000000009e-01
-1.779999999999999916e-01,1.830300000000000038e+00,1.760999999999999899e+00
-2.702999999999999847e-01,-1.335199999999999942e+00,-1.121299999999999963e+00
-1.098999999999999977e-01,1.012699999999999934e+00,2.555000000000000049e-01
-2.297499999999999876e+00,1.597099999999999964e+00,1.959799999999999986e+00
-8.035999999999999810e-01,1.656700000000000061e+00,7.635999999999999455e-01
1.945799999999999974e+00,2.882899999999999796e+00,1.149999999999999911e+00
5.900999999999999579e-01,1.056100000000000039e+00,2.230300000000000171e+00
8.666000000000000369e-01,-2.593300000000000161e+00,-1.365099999999999980e+00
-2.803799999999999848e+00,2.209799999999999986e+00,1.185599999999999987e+00
-1.046000000000000041e+00,2.005399999999999849e+00,5.119000000000000217e-01
-1.870200000000000085e+00,1.138099999999999890e+00,1.064899999999999958e+00
-2.093399999999999928e+00,1.286999999999999922e+00,1.217500000000000027e+00
9.000000000000000000e+00,9.000000000000000000e+00,9.000000000000000000e+00
7.779000000000000359e-01,2.314400000000000013e+00,1.952399999999999913e+00
-1.157499999999999973e+00,-2.469999999999999973e-02,1.596799999999999997e+00
9.586999999999999966e-01,3.452000000000000068e-01,3.058600000000000207e+00
-9.318999999999999506e-01,1.814599999999999991e+00,7.599999999999999985e-03
-1.679999999999999896e-02,1.690399999999999903e+00,2.529900000000000038e+00
1.055600000000000094e+00,1.459600000000000009e+00,-1.040999999999999981e-01
-1.733000000000000096e-01,2.479000000000000092e-01,1.053800000000000070e+00
-2.733099999999999863e+00,2.169900000000000162e+00,6.851000000000000423e-01
-2.566699999999999982e+00,4.884999999999999898e-01,1.516299999999999981e+00
1.267800000000000038e+00,-2.497000000000000053e-01,-5.489999999999999741e-02
-1.749100000000000099e+00,1.846200000000000063e+00,5.411000000000000254e-01
3.963699999999999779e+00,1.116999999999999937e-01,6.058000000000000052e-01
-7.370000000000000162e-02,4.796000000000000263e-01,1.544000000000000095e-01
-3.038100000000000023e+00,1.546399999999999997e+00,1.396300000000000097e+00
-1.720399999999999929e+00,-3.633000000000000118e-01,8.305000000000000160e-01
2.184000000000000108e-01,1.216599999999999904e+00,2.328100000000000058e+00
-7.255000000000000338e-01,2.320399999999999796e+00,2.174799999999999844e+00
-3.394000000000000128e+00,7.471999999999999753e-01,1.113199999999999967e+00
2.510800000000000143e+00,-1.679999999999999896e-02,4.454000000000000181e-01
1.232199999999999962e+00,2.717499999999999805e+00,2.651000000000000023e-01
-1.174900000000000055e+00,1.957999999999999963e+00,1.735200000000000076e+00
-2.959499999999999797e+00,1.200999999999999984e-01,8.501999999999999558e-01
3.462000000000000188e+00,1.197100000000000053e+00,9.347999999999999643e-01
2.159400000000000208e+00,2.265499999999999847e+00,2.029799999999999827e+00
-9.397999999999999687e-01,2.189000000000000057e+00,-4.244999999999999885e-01
1.441799999999999971e+00,9.102000000000000091e-01,3.084000000000000075e+00
-3.441699999999999982e+00,2.372399999999999842e+00,2.114700000000000024e+00
-1.167899999999999938e+00,4.340999999999999859e-01,3.207300000000000040e+00
-4.547999999999999821e-01,9.056999999999999496e-01,9.247999999999999554e-01
-1.166199999999999903e+00,2.438699999999999868e+00,2.245600000000000041e+00
1.709400000000000031e+00,8.883999999999999675e-01,2.048900000000000166e+00
-1.255200000000000093e+00,-6.143999999999999462e-01,1.802499999999999991e+00
1.920099999999999918e+00,1.436600000000000099e+00,1.513500000000000068e+00
-1.045600000000000085e+00,-1.104600000000000026e+00,1.349900000000000100e+00
-1.293999999999999873e-01,1.597399999999999931e+00,2.230999999999999872e+00
-2.052500000000000213e+00,1.917999999999999983e-01,6.558000000000000496e-01
1.019400000000000084e+00,-2.773999999999999799e-01,-7.400000000000000328e-03
1.309299999999999908e+00,5.014999999999999458e-01,6.413999999999999702e-01
3.654300000000000104e+00,2.913000000000000034e-01,9.020000000000000240e-01
-3.259000000000000230e-01,6.262999999999999678e-01,1.971700000000000008e+00
-2.610000000000000167e-02,3.563000000000000056e-01,2.697999999999999843e-01
2.489700000000000024e+00,-9.485000000000000098e-01,1.022199999999999998e+00
8.622999999999999554e-01,2.032599999999999962e+00,2.194100000000000161e+00
-4.163999999999999924e-01,9.056999999999999496e-01,8.190000000000000058e-02
4.012000000000000011e-01,8.248999999999999666e-01,1.047600000000000087e+00
-1.820100000000000051e+00,1.457799999999999985e+00,1.340700000000000003e+00
4.223999999999999977e-01,2.264100000000000001e+00,2.645399999999999974e+00
5.999999999999999778e-01,1.731000000000000094e+00,2.362800000000000011e+00
3.648000000000000131e-01,1.660400000000000098e+00,3.409999999999999837e-02
-1.111000000000000043e-01,1.346300000000000052e+00,-5.460000000000000409e-01
-5.191999999999999948e-01,1.490899999999999892e+00,7.370000000000000162e-02
2.328800000000000203e+00,1.340000000000000080e+00,-8.959999999999999909e-02
6.072999999999999510e-01,3.909000000000000252e-01,2.747300000000000075e+00
2.121100000000000207e+00,1.929999999999999938e+00,7.272999999999999465e-01
-2.438800000000000079e+00,9.348999999999999533e-01,1.979800000000000004e+00
6.681000000000000272e-01,1.769999999999999907e-01,5.638999999999999568e-01
-6.705999999999999739e-01,4.819999999999999840e-01,1.140099999999999891e+00
2.546499999999999986e+00,4.470000000000000084e-01,5.635999999999999899e-01
-1.887000000000000011e+00,2.363000000000000100e-01,2.123200000000000198e+00
-1.019600000000000062e+00,1.020299999999999985e+00,2.516999999999999793e-01
-1.836000000000000132e-01,1.221000000000000085e+00,9.684000000000000385e-01
-8.589999999999999858e-01,2.009900000000000020e+00,-3.375000000000000222e-01
9.199999999999999845e-03,1.116200000000000081e+00,-3.383999999999999786e-01
5.770999999999999464e-01,1.636900000000000022e+00,1.058000000000000052e-01
1.184999999999999942e-01,1.368400000000000061e+00,2.631200000000000205e+00
1.230199999999999960e+00,2.578199999999999825e+00,-1.093399999999999928e+00
3.012300000000000200e+00,1.480099999999999971e+00,1.724499999999999922e+00
-1.066400000000000015e+00,3.224400000000000155e+00,1.023800000000000043e+00
2.083000000000000185e+00,2.476900000000000102e+00,4.680000000000000132e-02
4.819999999999999840e-01,1.631399999999999961e+00,-3.800999999999999934e-01
2.255999999999999950e-01,1.277500000000000080e+00,3.519999999999999796e-01
-2.899999999999999800e-03,6.875999999999999890e-01,1.905799999999999939e+00
-2.859199999999999964e+00,-1.551099999999999923e+00,-8.262000000000000455e-01
-1.674099999999999921e+00,6.380000000000000115e-01,1.831900000000000084e+00
-2.184000000000000108e-01,2.381899999999999906e+00,2.618100000000000094e+00
-7.739999999999999658e-02,3.020399999999999974e+00,1.700199999999999934e+00
3.299999999999999822e+00,-4.139999999999999791e-01,2.127999999999999892e-01
-6.827999999999999625e-01,2.132800000000000029e+00,1.171300000000000008e+00
-3.042400000000000215e+00,5.927000000000000046e-01,7.882000000000000117e-01
-3.718000000000000194e-01,2.361800000000000122e+00,2.769099999999999895e+00
5.709999999999999798e-02,1.646500000000000075e+00,6.279000000000000137e-01
-1.660099999999999909e+00,5.997000000000000108e-01,1.631599999999999939e+00
-6.871000000000000441e-01,-4.768000000000000016e-01,7.067999999999999838e-01
2.105500000000000149e+00,1.712399999999999922e+00,-6.579999999999999738e-02
-8.701999999999999735e-01,2.164000000000000146e+00,4.965999999999999859e-01
5.289000000000000368e-01,7.794999999999999707e-01,2.990800000000000125e+00
-1.363499999999999934e+00,1.811900000000000066e+00,1.396700000000000053e+00
8.154000000000000137e-01,-1.517999999999999905e-01,-5.872000000000000552e-01
1.367499999999999938e+00,-3.069999999999999951e-01,1.459999999999999909e-01
2.746000000000000107e-01,4.519000000000000239e-01,1.832999999999999907e-01
4.819999999999999840e-01,7.856999999999999540e-01,3.578000000000000069e-01
-3.709000000000000075e+00,6.913000000000000256e-01,1.039400000000000102e+00
-4.762000000000000122e-01,5.278000000000000469e-01,3.023200000000000109e+00
2.515899999999999803e+00,1.236199999999999966e+00,2.107299999999999951e+00
1.415699999999999958e+00,-3.882999999999999785e-01,1.558100000000000041e+00
-1.605699999999999905e+00,2.120400000000000063e+00,1.179799999999999960e+00
8.829000000000000181e-01,1.447200000000000042e+00,2.369800000000000129e+00
-2.261800000000000033e+00,4.484000000000000208e-01,1.530499999999999972e+00
-7.309999999999999831e-02,5.168000000000000371e-01,7.127999999999999892e-01
-4.772000000000000131e-01,9.120000000000000329e-02,8.883999999999999675e-01
-1.161399999999999988e+00,9.437999999999999723e-01,2.497000000000000053e-01
-1.345099999999999962e+00,9.451000000000000512e-01,7.339999999999999858e-01
-6.068000000000000060e-01,2.235399999999999832e+00,5.344999999999999751e-01
-6.601000000000000201e-01,-8.680000000000000215e-02,2.409999999999999989e-02
-2.612400000000000055e+00,6.502999999999999892e-01,1.065700000000000092e+00
-1.905299999999999994e+00,2.768999999999999795e-01,2.120699999999999807e+00
1.151200000000000001e+00,-1.755500000000000060e+00,-9.449999999999999512e-01
3.177999999999999936e+00,4.186000000000000276e-01,1.012399999999999967e+00
2.409899999999999931e+00,1.387100000000000000e+00,1.186600000000000099e+00
-1.147199999999999998e+00,4.788000000000000034e-01,3.401899999999999924e+00
9.000000000000000000e+00,9.000000000000000000e+00,9.000000000000000000e+00
-2.134999999999999953e-01,1.891999999999999904e+00,1.078400000000000025e+00
4.780000000000000221e-02,-1.637000000000000122e-01,1.215999999999999998e-01
1.742499999999999938e+00,1.846300000000000052e+00,1.170099999999999918e+00
-7.785999999999999588e-01,9.320000000000000506e-02,9.439999999999999503e-01
6.755999999999999783e-01,2.668600000000000083e+00,2.352300000000000058e+00
3.377099999999999991e+00,5.670000000000000040e-02,1.631000000000000005e+00
4.742000000000000104e-01,3.518499999999999961e+00,2.620000000000000107e-01
-2.656200000000000117e+00,2.016199999999999992e+00,1.890000000000000013e-02
-3.570699999999999985e+00,2.056999999999999940e-01,5.116000000000000547e-01
5.947999999999999954e-01,2.921699999999999964e+00,1.004899999999999904e+00
-7.396000000000000352e-01,1.961100000000000065e+00,-2.926000000000000267e-01
1.271600000000000064e+00,2.057799999999999851e+00,1.825800000000000090e+00
9.177999999999999492e-01,1.912300000000000111e+00,5.665999999999999925e-01
-2.766199999999999992e+00,1.468499999999999917e+00,1.514599999999999946e+00
1.590999999999999914e-01,-6.829999999999999960e-02,2.836699999999999999e+00
-2.378800000000000026e+00,-1.292000000000000093e-01,3.165000000000000036e-01
-6.561000000000000165e-01,1.553299999999999903e+00,2.710100000000000176e+00
1.052999999999999936e+00,-3.462999999999999967e-01,7.208999999999999853e-01
2.580499999999999794e+00,2.389899999999999913e+00,1.338400000000000034e+00
-1.557800000000000074e+00,-5.598999999999999533e-01,1.747800000000000020e+00
-7.765999999999999570e-01,1.711500000000000021e+00,-2.646000000000000019e-01
1.058999999999999941e-01,4.250000000000000305e-02,2.902000000000000135e-01
3.583999999999999964e-01,1.012799999999999923e+00,2.334999999999999964e+00
2.295999999999999819e+00,2.521799999999999820e+00,-2.308999999999999941e-01
-1.258399999999999963e+00,1.635999999999999899e+00,1.904400000000000093e+00
-3.197799999999999976e+00,-6.637999999999999456e-01,-1.092999999999999944e-01
-2.888000000000000012e-01,7.518000000000000238e-01,1.587599999999999900e+00
6.282999999999999696e-01,2.561900000000000066e+00,2.270900000000000141e+00
-6.503999999999999782e-01,2.541500000000000092e+00,2.234199999999999964e+00
3.591499999999999915e+00,1.399699999999999944e+00,1.101599999999999913e+00
-5.927000000000000046e-01,-4.639999999999999680e-02,1.083399999999999919e+00
-6.723000000000000087e-01,1.435699999999999976e+00,2.595200000000000173e+00
-1.465000000000000080e+00,2.170000000000000054e-02,5.635000000000000009e-01
8.832999999999999741e-01,1.903399999999999981e+00,1.551199999999999912e+00
-7.459000000000000075e-01,-5.380000000000000338e-01,1.909100000000000019e+00
-1.559000000000000108e-01,1.784000000000000030e-01,1.753600000000000048e+00
-7.478000000000000203e-01,-4.832000000000000184e-01,2.787999999999999812e+00
3.003000000000000114e-01,4.692999999999999949e-01,3.168099999999999916e+00
4.500000000000000111e-01,1.297000000000000097e-01,3.548399999999999999e+00
1.557999999999999940e-01,-9.660999999999999588e-01,1.441599999999999993e+00
1.630800000000000027e+00,7.803999999999999826e-01,2.232899999999999885e+00
8.258999999999999675e-01,1.679300000000000015e+00,-4.430999999999999939e-01
-5.878999999999999782e-01,-8.881000000000000005e-01,-1.810499999999999998e+00
-8.460999999999999632e-01,1.961699999999999999e+00,2.902099999999999902e+00
-2.761000000000000121e-01,3.043499999999999872e+00,1.682099999999999929e+00
-1.239900000000000002e+00,2.018499999999999961e+00,2.289499999999999869e+00
-1.679200000000000026e+00,1.302999999999999992e-01,2.237800000000000011e+00
2.756000000000000116e-01,1.801600000000000090e+00,1.438900000000000068e+00
1.029800000000000049e+00,1.914600000000000080e+00,2.754100000000000215e+00
-7.495000000000000551e-01,1.330500000000000016e+00,2.099000000000000199e+00
-4.076600000000000001e+00,2.252899999999999903e+00,4.981999999999999762e-01
-1.680199999999999916e+00,-1.458000000000000129e-01,2.345000000000000195e+00
9.255999999999999783e-01,8.269999999999999574e-02,-1.140999999999999931e-01
-9.528999999999999693e-01,8.856000000000000538e-01,4.514000000000000234e-01
-2.548999999999999932e+00,-9.317999999999999616e-01,5.475999999999999757e-01
-1.173200000000000021e+00,1.247999999999999998e+00,2.716899999999999871e+00
-2.468799999999999883e+00,-3.534999999999999809e-01,-1.140000000000000041e-01
-5.989999999999999769e-01,-5.523000000000000131e-01,1.081800000000000095e+00
1.668099999999999916e+00,8.095999999999999863e-01,2.479900000000000215e+00
-1.533300000000000107e+00,-1.035099999999999909e+00,6.259000000000000119e-01
6.387000000000000455e-01,1.759300000000000086e+00,1.868900000000000006e+00
1.499999999999999944e-01,4.978000000000000203e-01,1.354400000000000048e+00
-1.588999999999999968e+00,-8.277999999999999803e-01,1.009300000000000086e+00
-2.533300000000000107e+00,1.532000000000000028e-01,1.358899999999999997e+00
3.116699999999999804e+00,9.031000000000000139e-01,1.383199999999999985e+00
1.735600000000000032e+00,2.799500000000000099e+00,8.500000000000000611e-03
-1.790399999999999991e+00,5.844000000000000306e-01,1.581499999999999906e+00
-1.194900000000000073e+00,4.000000000000000083e-02,6.069999999999999701e-02
2.485599999999999810e+00,5.840000000000000052e-02,1.253300000000000081e+00
1.430199999999999916e+00,2.580000000000000071e-01,2.133399999999999963e+00
9.754000000000000448e-01,1.104700000000000015e+00,2.419999999999999929e-02
1.952700000000000102e+00,-6.346000000000000529e-01,1.376200000000000090e+00
2.114999999999999936e-01,-4.665000000000000258e-01,3.864000000000000212e-01
1.332699999999999996e+00,-7.349999999999999867e-01,-2.359999999999999945e-02
9.568999999999999728e-01,3.136999999999999789e-01,2.868199999999999861e+00
2.662100000000000133e+00,4.655000000000000249e-01,1.892500000000000071e+00
1.591299999999999937e+00,-2.616999999999999882e-01,2.070199999999999818e+00
2.995400000000000063e+00,-1.122999999999999970e-01,-1.413999999999999979e-01
-2.387599999999999945e+00,7.383999999999999453e-01,1.742799999999999905e+00
2.192099999999999937e+00,-2.494999999999999996e-01,1.909499999999999975e+00
8.690999999999999837e-01,2.283599999999999852e+00,4.003999999999999782e-01
-6.618000000000000549e-01,1.060300000000000020e+00,3.106199999999999850e+00
9.693000000000000504e-01,1.889599999999999946e+00,2.103699999999999903e+00
1.664800000000000058e+00,9.700999999999999623e-01,2.331599999999999895e+00
9.764000000000000457e-01,2.366600000000000037e+00,2.200299999999999923e+00
1.759600000000000053e+00,-4.605000000000000204e-01,4.499999999999999660e-03
4.041000000000000147e-01,1.634500000000000064e+00,9.638999999999999790e-01
3.335700000000000109e+00,1.251700000000000035e+00,-2.141000000000000125e-01
-2.700000000000000143e-03,1.468800000000000106e+00,3.359500000000000153e+00
1.102800000000000002e+00,-8.014999999999999902e-01,7.377000000000000224e-01
3.173000000000000265e-01,-5.966000000000000192e-01,4.406999999999999806e-01
-2.949999999999999845e-01,-7.163000000000000478e-01,2.193700000000000205e+00
-7.798000000000000487e-01,-1.559000000000000108e-01,4.764999999999999791e-01
-3.188400000000000123e+00,2.108800000000000008e+00,9.025999999999999579e-01
-7.943999999999999950e-01,2.859999999999999765e-01,9.651999999999999469e-01
2.153000000000000025e+00,-5.752000000000000446e-01,5.639999999999999458e-01
-1.074999999999999956e+00,4.758999999999999897e-01,2.853099999999999969e+00
8.961000000000000076e-01,1.545700000000000074e+00,2.190500000000000114e+00
1.075399999999999912e+00,1.216800000000000104e+00,2.864999999999999769e-01
1.424600000000000088e+00,2.290599999999999969e+00,1.396000000000000019e-01
-1.871899999999999897e+00,-1.257300000000000084e+00,1.149899999999999922e+00
-1.227000000000000091e+00,8.532999999999999474e-01,3.287100000000000133e+00
1.343800000000000106e+00,5.068000000000000282e-01,2.860799999999999788e+00
-1.113599999999999923e+00,2.653300000000000214e+00,1.400099999999999900e+00
1.508699999999999930e+00,1.673499999999999988e+00,1.787199999999999900e+00
9.000000000000000000e+00,9.000000000000000000e+00,9.000000000000000000e+00
-1.334600000000000009e+00,8.501999999999999558e-01,2.919999999999999929e+00
-1.925400000000000000e+00,-4.019999999999999962e-02,1.554100000000000037e+00
-1.844700000000000006e+00,1.179799999999999960e+00,2.144800000000000040e+00
-1.244599999999999929e+00,-2.129999999999999949e-02,5.692000000000000393e-01
-7.431999999999999718e-01,9.508999999999999675e-01,8.060000000000000497e-01
2.163199999999999790e+00,2.015699999999999825e+00,-4.134999999999999787e-01
-2.662999999999999812e-01,-6.964000000000000190e-01,5.211999999999999966e-01
1.466099999999999959e+00,1.241000000000000020e-01,2.128800000000000026e+00
3.156499999999999861e+00,4.233000000000000096e-01,4.055000000000000271e-01
1.634700000000000042e+00,2.815799999999999859e+00,1.346200000000000063e+00
9.065999999999999615e-01,8.424000000000000377e-01,2.038800000000000168e+00
3.948999999999999844e+00,4.512999999999999790e-01,1.193999999999999950e+00
1.300499999999999989e+00,6.290000000000000036e-01,2.399999999999999911e-01
1.111299999999999955e+00,7.004000000000000226e-01,1.886700000000000044e+00
2.529900000000000038e+00,1.608899999999999997e+00,9.297999999999999599e-01
-1.873199999999999976e+00,-1.082600000000000007e+00,3.625999999999999779e-01
2.807799999999999851e+00,1.970499999999999918e+00,3.704999999999999960e-01
-1.461300000000000043e+00,1.587999999999999967e-01,2.920599999999999863e+00
1.803600000000000092e+00,1.056000000000000050e+00,2.714199999999999946e+00
3.089300000000000157e+00,1.163799999999999946e+00,1.328000000000000014e-01
-1.925300000000000011e+00,-8.679000000000000048e-01,1.711200000000000054e+00
2.139999999999999888e-02,-7.358000000000000096e-01,1.715799999999999992e+00
-1.381799999999999917e+00,-1.275400000000000089e+00,1.534200000000000008e+00
-8.719999999999999973e-02,2.173900000000000166e+00,1.364400000000000057e+00
-9.100000000000000450e-03,3.588000000000000078e-01,3.603400000000000158e+00
2.179999999999999993e-01,-1.063800000000000079e+00,1.501200000000000090e+00
9.112000000000000099e-01,6.282999999999999696e-01,4.783000000000000029e-01
-1.887599999999999945e+00,1.503800000000000026e+00,3.649999999999999911e-01
2.793499999999999872e+00,2.610899999999999999e+00,7.396000000000000352e-01
6.814000000000000057e-01,1.009100000000000108e+00,1.110899999999999999e+00
-6.490000000000000213e-01,1.265600000000000058e+00,1.483800000000000008e+00
3.683000000000000163e-01,1.412099999999999911e+00,2.086100000000000065e+00
-7.487000000000000322e-01,2.244899999999999896e+00,2.234500000000000153e+00
5.855000000000000204e-01,-2.570999999999999952e-01,2.611400000000000166e+00
2.528000000000000247e-01,2.392999999999999794e+00,1.887399999999999967e+00
-5.915000000000000258e-01,-1.468699999999999894e+00,2.038199999999999790e+00
-2.723199999999999843e+00,4.300999999999999823e-01,1.413899999999999935e+00
1.139499999999999957e+00,5.191999999999999948e-01,6.776999999999999691e-01
-8.486000000000000210e-01,-1.223400000000000043e+00,7.725999999999999535e-01
1.276999999999999913e+00,6.293999999999999595e-01,2.117999999999999883e-01
1.249000000000000110e+00,2.456999999999999851e+00,8.052000000000000268e-01
1.423999999999999988e-01,2.861000000000000210e-01,-2.104600000000000026e+00
-1.989400000000000057e+00,8.597000000000000197e-01,1.706399999999999917e+00
-2.934400000000000119e+00,1.532899999999999929e+00,2.489000000000000101e-01
3.816500000000000004e+00,8.789000000000000146e-01,1.220000000000000077e-02
6.669999999999999540e-02,3.921000000000000041e-01,6.010000000000000064e-02
6.993000000000000327e-01,-4.346999999999999753e-01,-1.678999999999999937e-01
-3.235000000000000098e-01,5.796000000000000041e-01,1.661999999999999866e-01
2.202399999999999913e+00,2.639100000000000001e+00,4.359000000000000097e-01
-2.732800000000000118e+00,-7.776999999999999469e-01,3.592000000000000193e-01
-2.495299999999999851e+00,9.352000000000000313e-01,8.746000000000000441e-01
2.358000000000000096e-01,1.638900000000000023e+00,1.269500000000000073e+00
-2.272000000000000131e-01,2.391000000000000014e+00,5.167000000000000481e-01
7.493999999999999551e-01,8.337999999999999856e-01,5.479000000000000536e-01
-3.043000000000000149e-01,2.189900000000000180e+00,2.400100000000000122e+00
-7.300999999999999712e-01,3.332999999999999852e-01,1.017099999999999893e+00
5.960000000000000020e-02,1.210499999999999909e+00,2.366600000000000037e+00
9.423000000000000265e-01,2.221299999999999830e+00,2.588099999999999845e+00
3.309999999999999748e-02,3.080000000000000099e-02,3.459999999999999964e+00
1.058599999999999985e+00,9.147999999999999465e-01,3.325299999999999923e+00
1.433000000000000052e+00,1.679400000000000004e+00,2.849999999999999756e-01
6.651000000000000245e-01,8.267999999999999794e-01,3.509599999999999831e+00
1.287000000000000088e-01,2.264899999999999913e+00,1.652099999999999902e+00
-9.701999999999999513e-01,1.619699999999999918e+00,2.877299999999999969e+00
4.798000000000000043e-01,3.530299999999999994e+00,6.566999999999999504e-01
3.550100000000000033e+00,1.959300000000000042e+00,8.309999999999999332e-02
-2.456000000000000127e-01,1.662099999999999911e+00,-3.417999999999999927e-01
-8.252000000000000446e-01,9.253000000000000114e-01,3.509999999999999926e-02
-7.854999999999999760e-01,7.901000000000000245e-01,3.431000000000000161e-01
1.267600000000000060e+00,6.402999999999999803e-01,7.188999999999999835e-01
-1.278599999999999959e+00,1.654900000000000038e+00,-6.232999999999999652e-01
-2.422299999999999898e+00,1.793700000000000072e+00,1.852800000000000002e+00
1.206700000000000106e+00,-1.169000000000000039e+00,1.543500000000000094e+00
-4.610000000000000209e-02,2.726700000000000124e+00,4.168000000000000038e-01
1.426800000000000068e+00,-3.780999999999999917e-01,8.176999999999999824e-01
-3.201799999999999979e+00,4.923000000000000154e-01,1.739800000000000013e+00
-1.685599999999999987e+00,5.244999999999999662e-01,2.571600000000000108e+00
1.436000000000000054e-01,1.324699999999999989e+00,3.938999999999999724e-01
1.444299999999999917e+00,3.482000000000000095e-01,2.008300000000000196e+00
-1.550899999999999945e+00,-9.739999999999999769e-01,1.704199999999999937e+00
1.880999999999999894e-01,4.334000000000000075e-01,-2.104999999999999927e-01
-6.864000000000000101e-01,1.132500000000000062e+00,2.590700000000000003e+00
-1.624700000000000033e+00,7.134000000000000341e-01,1.024499999999999966e+00
1.381599999999999939e+00,1.096700000000000008e+00,1.771600000000000064e+00
-4.746000000000000218e-01,2.853800000000000114e+00,1.907699999999999951e+00
6.712000000000000188e-01,2.848999999999999866e-01,1.312599999999999989e+00
-1.348999999999999977e+00,6.632000000000000117e-01,6.727999999999999536e-01
-3.874899999999999789e+00,8.499999999999999778e-01,1.128900000000000015e+00
3.391999999999999904e+00,1.344500000000000028e+00,6.791000000000000369e-01
1.199500000000000011e+00,1.027800000000000047e+00,6.454999999999999627e-01
1.950999999999999956e-01,1.285999999999999921e-01,4.451999999999999846e-01
1.899699999999999944e+00,4.087999999999999967e-01,9.421000000000000485e-01
-1.339800000000000102e+00,-1.480199999999999960e+00,2.075200000000000156e+00
9.705000000000000293e-01,1.806999999999999940e+00,1.922400000000000109e+00
8.226999999999999869e-01,2.214900000000000091e+00,2.420599999999999863e+00
4.005000000000000226e-01,9.229000000000000536e-01,8.155000000000000027e-01
-1.165699999999999958e+00,1.987900000000000000e+00,1.641699999999999937e+00
4.240000000000000019e-02,1.279800000000000049e+00,4.819999999999999979e-02
-3.397000000000000020e-01,-4.222000000000000197e-01,3.022000000000000242e-01
1.167599999999999971e+00,3.543000000000000038e-01,-1.696399999999999908e+00
1.943999999999999895e-01,1.024999999999999911e+00,7.903000000000000025e-01
2.919399999999999995e+00,1.460800000000000098e+00,4.192000000000000171e-01
1.516599999999999948e+00,1.552200000000000024e+00,1.980000000000000163e-02
2.222300000000000164e+00,-7.319999999999999840e-01,-2.019999999999999921e-02
9.698999999999999844e-01,2.492700000000000138e+00,-4.839999999999999858e-02
9.643000000000000460e-01,-1.610999999999999932e-01,2.938999999999999946e-01
-6.239999999999999714e-02,9.002999999999999892e-01,1.816400000000000015e+00
8.387000000000000011e-01,2.257499999999999840e+00,2.082399999999999807e+00
-2.183100000000000041e+00,2.076200000000000045e+00,1.790999999999999925e+00
2.580600000000000005e+00,9.499999999999999764e-03,1.698499999999999899e+00
-3.405000000000000249e-01,2.029100000000000126e+00,3.958999999999999742e-01
2.342799999999999994e+00,-1.842999999999999972e+00,5.766999999999999904e-01
3.207699999999999996e+00,9.893999999999999462e-01,1.561099999999999932e+00
1.185400000000000009e+00,2.121100000000000207e+00,-8.844999999999999529e-01
4.228999999999999981e-01,1.144300000000000095e+00,6.166000000000000369e-01
-1.363099999999999978e+00,-7.012000000000000455e-01,4.067000000000000060e-01
6.091999999999999638e-01,-4.106000000000000205e-01,2.172999999999999932e-01
2.510499999999999954e+00,1.201200000000000045e+00,4.009999999999999676e-02
-1.368999999999999939e-01,-1.370000000000000107e+00,1.562799999999999967e+00
1.409999999999999865e-01,-1.511500000000000066e+00,1.475400000000000045e+00
-1.423000000000000098e-01,-1.223999999999999949e-01,1.200800000000000090e+00
5.383999999999999897e-01,-1.123999999999999999e-01,5.107000000000000428e-01
2.103499999999999925e+00,2.722799999999999887e+00,-5.921999999999999487e-01
1.622600000000000042e+00,1.207200000000000051e+00,7.377000000000000224e-01
-1.905699999999999950e+00,1.971999999999999864e-01,6.612000000000000099e-01
9.810000000000000664e-02,-1.258799999999999919e+00,1.321099999999999941e+00
1.377000000000000002e+00,2.753099999999999881e+00,1.808599999999999985e+00
1.839999999999999969e-02,6.106000000000000316e-01,3.119800000000000129e+00
-1.899999999999999996e-03,1.119899999999999896e+00,-6.855999999999999872e-01
-2.340100000000000069e+00,-2.856000000000000205e-01,2.997000000000000219e-01
3.576200000000000045e+00,9.042999999999999927e-01,4.323000000000000176e-01
-7.278999999999999915e-01,4.269000000000000017e-01,3.254199999999999982e+00
-1.458399999999999919e+00,-8.800000000000000530e-03,1.476499999999999924e+00
7.459000000000000075e-01,1.462800000000000100e+00,2.834600000000000009e+00
1.312200000000000033e+00,2.475600000000000023e+00,7.799000000000000377e-01
-1.687799999999999967e+00,2.580000000000000071e+00,1.870800000000000018e+00
-2.998000000000000109e-01,-2.059999999999999887e-01,6.953000000000000291e-01
-5.708999999999999631e-01,1.212299999999999933e+00,1.173000000000000043e+00
-9.599999999999999159e-03,1.266899999999999915e+00,3.942999999999999838e-01
1.377000000000000002e+00,2.686000000000000054e-01,1.349699999999999900e+00
1.214599999999999902e+00,2.189299999999999802e+00,2.026400000000000201e+00
5.929999999999999855e-02,1.644099999999999895e+00,1.408000000000000085e-01
1.562000000000000055e-01,-5.293999999999999817e-01,6.299000000000000155e-01
-2.670000000000000151e-01,-9.180000000000000659e-02,4.520000000000000129e-01
5.352999999999999980e-01,1.378800000000000026e+00,2.930499999999999883e+00
-2.008700000000000152e+00,-1.393000000000000071e-01,1.402400000000000091e+00
2.726100000000000190e+00,1.989600000000000035e+00,1.440099999999999936e+00
8.890000000000000679e-02,2.911500000000000199e+00,5.434999999999999831e-01
2.961399999999999810e+00,8.015999999999999792e-01,6.825999999999999845e-01
-1.550100000000000033e+00,6.988999999999999657e-01,5.682000000000000384e-01
9.660999999999999588e-01,-7.325000000000000400e-01,1.340100000000000069e+00
-4.244999999999999885e-01,-2.823999999999999844e-01,-2.270500000000000185e+00
1.731899999999999995e+00,2.547400000000000109e+00,9.438999999999999613e-01
-1.794999999999999929e-01,-6.077000000000000179e-01,1.129799999999999915e+00
-6.835999999999999854e-01,-5.931999999999999496e-01,1.334899999999999975e+00
-5.310000000000000137e-02,1.602500000000000036e+00,2.184999999999999998e-01
3.506000000000000227e-01,1.675400000000000000e+00,1.222499999999999920e+00
-1.116600000000000037e+00,1.392300000000000093e+00,3.331000000000000072e-01
-1.738899999999999890e+00,7.508000000000000229e-01,3.033799999999999830e+00
-1.476999999999999980e-01,4.284000000000000030e-01,4.627000000000000002e-01
1.630999999999999950e-01,-5.260000000000000092e-02,2.699999999999999969e-02
6.982000000000000428e-01,1.757700000000000040e+00,-7.476000000000000423e-01
-1.635699999999999932e+00,1.947300000000000031e+00,1.053800000000000070e+00
1.310400000000000009e+00,3.196699999999999875e+00,8.270999999999999464e-01
-3.693000000000000171e-01,6.552999999999999936e-01,1.075599999999999890e+00
-1.206299999999999928e+00,1.502899999999999903e+00,5.007000000000000339e-01
-2.199199999999999822e+00,2.325800000000000090e+00,9.220000000000000417e-02
-3.877999999999999781e-01,-1.083399999999999919e+00,9.224999999999999867e-01
-3.629000000000000004e-01,1.705100000000000060e+00,2.641599999999999948e+00
-1.687300000000000022e+00,1.839699999999999891e+00,2.455600000000000005e+00
1.555700000000000083e+00,-1.245999999999999996e+00,2.096999999999999975e+00
2.959999999999999853e-01,5.252999999999999892e-01,2.571600000000000108e+00
9.825000000000000400e-01,2.275100000000000122e+00,1.439999999999999961e-02
1.470299999999999940e+00,1.802999999999999881e-01,9.086999999999999522e-01
8.065999999999999837e-01,6.185000000000000497e-01,9.180000000000000659e-02
-8.604000000000000536e-01,-4.002999999999999892e-01,2.062300000000000022e+00
-2.254700000000000149e+00,5.925000000000000266e-01,1.198399999999999910e+00
6.048000000000000043e-01,-4.680000000000000132e-02,2.999999999999999889e-01
-3.368999999999999773e-01,-3.710999999999999854e-01,9.250000000000000444e-01
-3.667000000000000259e-01,-2.459000000000000075e-01,1.512999999999999901e-01
-3.861999999999999877e-01,1.827299999999999924e+00,2.939499999999999780e+00
-2.113900000000000112e+00,2.616999999999999993e+00,8.369999999999999662e-01
1.284799999999999942e+00,1.968199999999999950e+00,1.692499999999999893e+00
1.077499999999999902e+00,3.473999999999999866e-01,-3.834000000000000186e-01
-1.240499999999999936e+00,1.498399999999999954e+00,1.844000000000000083e-01
